AgeCurrent,SchoolLocation,SchoolYear,SchoolYearTEXT,SchoolFinish,IdentityEthnicity,IdentityRace,IdentityReligion,IdentityDisability,IdentityNeuro,IdentitySexuality,IdentitySexualityTEXT,IdentityGender,IdentityGenderTEXT,IdentitySex,IdentitySexTEXT,HSS1Q1,HSS1Q2,HSS2Q1,HSS2Q2,HSS3Q1,HSS3Q2,HSS4Q1,HSS4Q2,HSS5Q1,HSS5Q2,HSS6Q1,HSS6Q2,HSS7Q1,HSS7Q2,HSS8Q1,HSS8Q2,HSS9Q1,HSS9Q2,HSS10Q1,HSS10Q2,HSS11Q1,HSS11Q2,HSS12Q1,HSS12Q2,HSS13Q1,HSS13Q2,HSS14Q1,HSS14Q2,RaceDemog,ReligionDemog,GenderGroup,SexualityGroup,HSS1,HSS2,HSS3,HSS4,HSS5,HSS6,HSS7,HSS8,HSS9,HSS10,HSS11,HSS12,HSS13,HSS14,SMA_RSS
22,1,2,NA,2,"10,12",6,7,6,3,6,NA,"1,3,5",NA,2,NA,4,2,2,2,3,4,1,1,1,1,3,3,1,1,3,3,4,3,4,4,3,3,1,1,3,2,2,2,6,3,5,2,8,4,12,1,1,9,1,9,12,16,9,1,6,4,6.642857143
17,2,1,12,NA,7,4,8,5,2,"4,6,8,9",NA,2,NA,2,NA,3,2,5,3,6,4,5,3,3,2,2,1,4,1,1,1,6,6,6,6,6,6,6,6,4,2,6,6,4,2,2,2,6,15,24,15,6,2,4,1,36,36,36,36,8,36,18.64285714
19,1,2,NA,1,10,6,7,6,1,"1,2,3",NA,3,NA,2,NA,3,1,2,2,3,3,2,2,2,1,3,2,2,2,3,3,3,3,3,3,3,2,2,2,3,3,4,4,6,3,3,1,3,4,9,4,2,6,4,9,9,9,6,4,9,16,6.714285714
17,1,1,12,NA,6,2,8,5,2,"4,6,7",NA,2,NA,2,NA,1,1,1,1,1,1,1,1,1,1,1,1,1,1,1,1,6,6,6,5,5,5,1,1,6,4,5,5,2,2,2,2,1,1,1,1,1,1,1,1,36,30,25,1,24,25,10.64285714
16,3,1,11,NA,12,6,8,5,1,7,NA,"2,3",NA,2,NA,2,2,1,1,2,2,2,2,1,1,2,2,1,1,2,2,4,4,3,3,4,4,3,2,2,2,4,4,6,2,3,4,4,1,4,4,1,4,1,4,16,9,16,6,4,16,6.428571429
18,2,2,NA,1,6,2,8,5,2,1,NA,2,NA,2,NA,2,1,2,2,1,1,1,1,1,1,2,2,1,1,1,1,5,6,5,6,6,6,6,6,3,3,4,4,2,2,2,1,2,4,1,1,1,4,1,1,30,30,36,36,9,16,12.28571429
23,2,2,NA,3,"10,12",6,8,5,2,"6,7",NA,2,NA,2,NA,1,2,1,1,3,2,3,2,1,2,1,1,1,1,1,1,5,3,6,5,4,4,1,1,1,1,1,1,6,2,2,2,2,1,6,6,2,1,1,1,15,30,16,1,1,1,6
16,1,1,11,NA,"2,7",3,2,5,1,"4,6",NA,2,NA,2,NA,2,1,2,1,4,3,2,1,2,1,4,3,2,1,2,2,3,3,3,3,3,2,2,3,2,2,4,4,3,1,2,2,2,2,12,2,2,12,2,4,9,9,6,6,4,16,6.285714286
16,1,1,11,NA,"6,10","2,6",8,5,2,"4,6",NA,1,NA,1,NA,4,4,3,2,2,2,5,3,3,3,3,3,3,1,1,2,6,5,6,5,6,6,6,6,3,3,4,3,9,2,1,2,16,6,4,15,9,9,3,2,30,30,36,36,9,12,15.5
18,2,1,12,NA,"10,11,12",6,2,6,2,"1,2",NA,2,NA,2,NA,2,1,3,3,2,2,4,3,1,1,2,2,1,1,3,3,6,6,6,6,6,6,6,6,2,2,4,4,6,1,2,1,2,9,4,12,1,4,1,9,36,36,36,36,4,16,14.71428571
17,1,1,11,NA,17,8,8,5,2,8,NA,1,NA,1,NA,5,3,6,4,2,2,4,2,2,2,4,4,6,3,2,2,4,2,3,2,3,1,2,2,4,5,5,5,8,2,1,4,15,24,4,8,4,16,18,4,8,6,3,4,20,25,11.35714286
16,2,1,11,NA,10,6,8,5,1,"1,9",NA,"3,6",genderqueer,2,NA,3,2,3,2,4,3,4,3,3,2,3,2,2,2,4,3,5,2,5,2,5,3,3,2,2,2,6,4,6,2,3,3,6,6,12,12,6,6,4,12,10,10,15,6,4,24,9.5
21,2,2,NA,"2,6","10,12",6,8,4,2,10,NA,3,NA,2,NA,1,1,4,3,1,1,1,1,1,1,1,1,1,1,1,1,6,2,6,3,4,2,5,3,4,2,5,4,6,2,3,2,1,12,1,1,1,1,1,1,12,18,8,15,8,20,7.142857143
24,1,2,NA,6,10,6,8,5,2,7,NA,2,NA,2,NA,1,1,1,1,3,2,3,2,1,1,1,2,1,1,1,1,6,6,6,6,6,6,5,5,2,2,4,4,6,2,2,4,1,1,6,6,1,2,1,1,36,36,36,25,4,16,12.28571429
17,1,1,12,"4,6",10,6,8,5,1,10,NA,2,NA,2,NA,1,1,1,1,2,2,3,3,1,1,1,1,1,1,1,1,2,1,2,2,1,1,1,1,1,1,1,3,6,2,2,2,1,1,4,9,1,1,1,1,2,4,1,1,1,3,2.214285714
17,1,1,12,NA,10,6,8,5,2,9,NA,"2,5",NA,1,NA,1,1,6,1,1,1,1,1,4,1,2,3,1,1,4,2,6,4,6,6,6,3,1,1,1,1,1,1,6,2,4,3,1,6,1,1,4,6,1,8,24,36,18,1,1,1,7.785714286
16,1,1,10,NA,10,6,8,5,1,1,NA,4,NA,2,NA,4,3,6,5,5,6,5,6,2,4,1,1,3,4,4,2,5,4,5,4,3,4,5,5,5,5,5,5,6,2,3,1,12,30,30,30,8,1,12,8,20,20,12,25,25,25,18.42857143
17,1,1,12,NA,10,6,8,5,2,"2,7",NA,2,NA,2,NA,3,2,2,2,3,2,4,3,2,1,2,2,3,2,2,2,6,6,5,5,6,6,5,4,4,2,4,2,6,2,2,1,6,4,6,12,2,4,6,4,36,25,36,20,8,8,12.64285714
17,1,1,12,NA,6,2,8,5,2,"6,8",NA,1,NA,1,NA,1,1,1,1,1,1,2,2,1,1,1,1,2,1,1,1,3,3,3,3,4,4,2,2,2,1,2,3,2,2,1,2,1,1,1,4,1,1,2,1,9,9,16,4,2,6,4.142857143
18,1,2,NA,1,6,2,8,5,2,"2,7",NA,2,NA,2,NA,1,1,1,1,1,1,1,1,1,1,1,1,1,1,1,1,6,6,3,6,4,6,1,4,2,2,1,2,2,2,2,1,1,1,1,1,1,1,1,1,36,18,24,4,4,2,6.857142857
22,1,2,NA,1,10,6,8,5,2,9,NA,2,NA,2,NA,1,1,1,1,1,1,2,1,1,1,1,1,1,1,1,1,4,3,6,4,6,4,1,1,1,1,1,1,6,2,2,3,1,1,1,2,1,1,1,1,12,24,24,1,1,1,5.142857143
16,3,1,11,NA,8,2,8,5,1,7,NA,"1,5",NA,2,NA,5,4,4,5,6,5,5,5,4,3,6,6,6,6,3,3,5,4,5,4,5,4,6,6,5,4,5,4,2,2,5,4,20,20,30,25,12,36,36,9,20,20,20,36,20,20,23.14285714
16,2,1,11,NA,10,6,8,5,2,10,NA,3,NA,2,NA,5,4,2,2,3,4,5,3,2,1,4,3,2,3,5,5,6,4,NA,3,5,4,5,5,1,1,3,2,6,2,3,2,20,4,12,15,2,12,6,25,24,NA,20,25,1,6,NA
16,2,1,11,NA,"10,11,12",6,8,5,1,10,NA,5,NA,2,NA,3,3,3,3,3,3,3,3,3,3,3,3,1,3,6,6,6,3,6,4,6,4,6,6,6,6,6,6,6,2,5,2,9,9,9,9,9,9,3,36,18,24,24,36,36,36,19.07142857
19,1,2,NA,4,10,6,6,4,1,3,NA,"1,5",NA,2,NA,1,1,1,1,3,3,2,2,1,1,2,3,1,1,1,2,4,5,4,4,3,3,1,1,2,2,2,2,6,1,5,1,1,1,9,4,1,6,1,2,20,16,9,1,4,4,5.642857143
16,1,1,11,NA,12,6,8,5,2,2,NA,"3,4",NA,2,NA,2,1,1,1,3,3,2,1,1,1,1,1,1,1,2,1,3,2,3,2,3,2,2,1,4,2,3,2,6,2,3,1,2,1,9,2,1,1,1,2,6,6,6,2,8,6,3.785714286
17,2,1,12,NA,"3,10",6,8,4,1,10,NA,2,NA,2,NA,1,1,1,1,1,1,1,1,1,1,1,1,1,1,2,2,2,1,4,3,1,1,3,3,1,1,3,3,6,2,2,2,1,1,1,1,1,1,1,4,2,12,1,9,1,9,3.214285714
17,1,1,12,NA,10,6,8,5,2,"4,6",NA,2,NA,2,NA,2,2,1,1,1,1,2,2,2,2,1,1,1,1,1,1,3,3,4,3,3,3,1,1,1,1,1,1,6,2,2,2,4,1,1,4,4,1,1,1,9,12,9,1,1,1,3.571428571
24,2,2,NA,1,12,6,5,4,1,"2,9",NA,3,NA,2,NA,3,1,2,1,2,1,3,1,2,1,2,1,2,1,3,2,6,4,6,4,4,3,4,2,5,4,6,5,6,1,3,3,3,2,2,3,2,2,2,6,24,24,12,8,20,30,10
17,2,2,NA,7,"10,11",6,8,5,1,"2,6,7",NA,2,NA,2,NA,6,2,5,1,1,1,5,2,4,2,5,2,4,2,6,3,6,6,6,6,6,6,4,3,4,3,6,4,6,2,2,2,12,5,1,10,8,10,8,18,36,36,36,12,12,24,16.28571429
16,1,1,10,NA,"9,10","1,6,7",8,4,1,"3,4,7,8",NA,"1,3,5,6",Questioning,1,NA,4,3,4,1,2,3,5,2,6,1,2,1,4,3,4,1,5,4,5,5,5,4,3,1,4,2,3,3,9,2,3,1,12,4,6,10,6,2,12,4,20,25,20,3,8,9,10.07142857
17,1,2,NA,1,10,6,8,5,1,6,NA,2,NA,2,NA,1,1,1,1,1,1,1,1,1,1,1,1,1,1,1,1,5,5,5,5,4,4,4,3,2,3,4,3,6,2,2,2,1,1,1,1,1,1,1,1,25,25,16,12,6,12,7.428571429
16,2,1,12,NA,10,6,8,5,2,6,NA,2,NA,2,NA,1,1,1,1,2,1,2,1,1,1,2,1,1,1,1,1,5,3,5,3,5,3,3,2,4,2,5,3,6,2,2,2,1,1,2,2,1,2,1,1,15,15,15,6,8,15,6.071428571
23,3,2,NA,5,"10,12",6,8,5,2,"2,7",NA,2,NA,2,NA,2,1,2,1,4,2,2,1,2,1,4,3,1,1,2,1,3,3,4,3,3,3,3,2,2,2,3,2,6,2,2,1,2,2,8,2,2,12,1,2,9,12,9,6,4,6,5.5
22,1,2,NA,"2,6","10,12",6,8,5,2,6,NA,2,NA,2,NA,1,1,1,1,1,1,1,1,1,1,1,1,1,1,1,1,4,3,4,4,3,3,1,1,1,1,1,1,6,2,2,2,1,1,1,1,1,1,1,1,12,16,9,1,1,1,3.428571429
26,2,2,NA,3,12,6,8,5,1,"4,6,7,8",NA,2,NA,2,NA,1,1,1,1,2,2,1,1,1,1,1,1,1,1,1,1,1,1,1,2,1,3,1,2,1,2,1,3,6,2,2,2,1,1,4,1,1,1,1,1,1,2,3,2,2,3,1.714285714
16,2,1,10,NA,12,6,7,6,3,4,NA,1,NA,2,NA,4,3,2,1,4,4,4,3,1,1,1,1,1,1,4,3,6,4,6,6,6,6,6,5,4,3,4,3,6,3,5,1,12,2,16,12,1,1,1,12,24,36,36,30,12,12,14.78571429
17,2,1,12,NA,10,8,2,5,2,"6,7,8",NA,2,NA,2,NA,1,1,1,1,1,1,1,1,1,1,1,1,1,1,1,1,6,2,6,2,6,2,6,3,3,2,2,6,8,1,2,2,1,1,1,1,1,1,1,1,12,12,12,18,6,12,5.714285714
17,1,1,11,NA,6,2,8,5,3,"7,8,9",NA,"3,4,5",NA,1,NA,5,4,5,5,3,1,6,4,4,2,6,3,6,5,6,6,6,6,6,6,6,6,6,6,6,1,6,6,2,2,3,3,20,25,3,24,8,18,30,36,36,36,36,36,6,36,25
23,1,2,NA,3,10,6,2,5,2,9,NA,2,NA,2,NA,2,1,2,2,1,1,3,2,2,2,2,1,2,2,2,1,4,3,4,3,4,3,2,2,3,2,3,2,6,1,2,3,2,4,1,6,4,2,4,2,12,12,12,4,6,6,5.5
17,1,1,12,NA,10,6,8,5,1,1,NA,2,NA,2,NA,2,2,3,2,1,1,4,3,1,1,1,1,2,2,1,1,6,4,5,3,4,2,4,4,4,3,3,5,6,2,2,1,4,6,1,12,1,1,4,1,24,15,8,16,12,15,8.571428571
23,2,2,NA,3,10,6,8,5,2,"4,8",NA,2,NA,2,NA,6,5,5,4,2,1,6,3,4,4,1,1,2,2,1,1,5,3,5,4,4,5,3,2,3,2,5,5,6,2,2,1,30,20,2,18,16,1,4,1,15,20,20,6,6,25,13.14285714
16,2,1,11,NA,12,6,8,5,1,"1,2",NA,2,NA,2,NA,4,2,3,2,4,2,5,4,4,2,4,3,2,2,5,4,5,4,6,5,6,6,6,6,4,5,4,4,6,2,2,1,8,6,8,20,8,12,4,20,20,30,36,36,20,16,17.42857143
17,2,1,12,NA,6,2,8,5,3,"6,10",NA,1,NA,1,NA,2,1,1,1,1,1,2,1,1,1,2,1,1,1,1,1,6,5,5,3,4,4,1,1,2,2,6,5,2,2,1,2,2,1,1,2,1,2,1,1,30,15,16,1,4,30,7.642857143
22,2,2,NA,"3,6",12,6,8,5,2,6,NA,"5,6",Questioning,1,NA,3,1,2,1,2,2,1,1,1,1,3,1,1,1,1,1,5,5,5,4,3,2,1,1,1,1,1,1,6,2,3,2,3,2,4,1,1,3,1,1,25,20,6,1,1,1,5
16,1,1,12,NA,10,6,8,5,2,8,NA,2,NA,2,NA,1,1,1,1,1,1,1,1,1,1,1,1,1,1,1,1,5,5,5,4,5,5,1,1,1,1,1,1,6,2,2,4,1,1,1,1,1,1,1,1,25,20,25,1,1,1,5.785714286
17,1,1,12,NA,10,6,8,5,1,"2,6,7",NA,2,NA,2,NA,2,1,2,1,3,1,2,1,4,1,4,4,2,1,3,3,5,3,5,4,4,3,5,5,3,4,2,4,6,2,2,2,2,2,3,2,4,16,2,9,15,20,12,25,12,8,9.428571429
16,2,1,11,NA,10,6,2,4,1,"7,9",NA,"4,5,6",Genderfae,2,NA,3,5,3,4,5,5,4,4,5,5,4,5,3,4,5,5,6,6,6,5,6,6,4,4,6,5,6,5,6,1,3,3,15,12,25,16,25,20,12,25,36,30,36,16,30,30,23.42857143
16,2,1,11,NA,10,6,2,5,2,10,NA,2,NA,2,NA,3,4,2,2,3,2,3,2,4,3,3,2,2,3,2,1,2,1,2,1,1,1,2,1,3,2,2,2,6,1,2,2,12,4,6,6,12,6,6,2,2,2,1,2,6,4,5.071428571
18,3,1,12,NA,"9,10",1,8,5,1,"1,3",NA,2,NA,2,NA,2,2,1,1,1,1,1,1,1,1,1,1,1,1,1,1,1,2,2,2,3,2,2,1,3,4,4,5,1,2,2,1,4,1,1,1,1,1,1,1,2,4,6,2,12,20,4.071428571
20,2,2,NA,6,10,6,8,5,2,6,NA,2,NA,2,NA,1,1,4,2,1,1,2,1,2,2,4,2,1,1,4,5,6,6,6,6,4,3,1,1,1,1,2,6,6,2,2,2,1,8,1,2,4,8,1,20,36,36,12,1,1,12,10.21428571
17,2,1,12,NA,"8,10","2,6",5,5,2,1,NA,6,Pangender,2,NA,1,1,1,1,1,1,2,2,2,2,5,4,2,2,3,4,6,6,6,6,6,6,6,6,5,4,5,5,9,1,3,1,1,1,1,4,4,20,4,12,36,36,36,36,20,25,16.85714286
17,1,1,12,NA,"7,10","4,6",8,5,3,9,NA,6,Agender,2,NA,3,2,3,2,4,3,3,3,2,3,3,4,3,2,2,4,5,2,5,3,4,2,4,4,3,3,4,3,9,2,3,3,6,6,12,9,6,12,6,8,10,15,8,16,9,12,9.642857143
17,2,1,12,1,10,6,8,5,2,6,NA,2,NA,2,NA,2,1,2,3,1,2,3,3,2,3,2,3,2,2,2,3,6,6,6,6,5,5,3,3,3,3,3,3,6,2,2,2,2,6,2,9,6,6,4,6,36,36,25,9,9,9,11.78571429
16,3,1,11,NA,"9,10","1,6",8,6,3,1,NA,2,NA,2,NA,4,2,2,1,3,3,5,3,2,2,1,1,1,1,2,3,5,5,5,5,4,4,4,4,4,5,6,6,9,2,2,1,8,2,9,15,4,1,1,6,25,25,16,16,20,36,13.14285714
18,2,2,NA,"1,6",12,6,2,5,3,"1,7",NA,2,NA,2,NA,1,1,1,1,1,1,1,1,1,1,1,1,1,1,3,2,3,2,4,2,2,1,4,3,3,2,4,3,6,1,2,1,1,1,1,1,1,1,1,6,6,8,2,12,6,12,4.214285714
20,3,2,NA,1,"9,10,12",6,8,5,1,"4,7",NA,"1,5",NA,2,NA,1,1,2,1,3,2,1,1,2,1,4,2,1,1,2,1,3,1,5,2,1,1,3,1,2,1,3,2,6,2,5,1,1,2,6,1,2,8,1,2,3,10,1,3,2,6,3.428571429
16,2,1,11,NA,12,6,8,5,1,1,NA,2,NA,2,NA,5,2,3,2,4,3,4,4,5,3,3,3,4,3,3,3,5,4,5,4,3,2,6,5,4,4,5,4,6,2,2,1,10,6,12,16,15,9,12,9,20,20,6,30,16,20,14.35714286
16,2,2,NA,"1,4",10,5,2,4,3,7,NA,6,Confused,2,NA,1,5,1,3,1,1,1,3,1,1,1,1,1,2,1,3,1,4,1,4,2,3,1,3,1,1,1,3,5,1,3,4,5,3,1,3,1,1,2,3,4,4,6,3,1,3,2.857142857
16,2,1,11,NA,"10,12",6,2,5,2,6,NA,1,NA,1,NA,1,1,1,1,1,1,1,1,1,1,1,1,NA,NA,1,1,1,1,1,1,1,1,1,1,1,1,1,1,6,1,1,2,1,1,1,1,1,1,NA,1,1,1,1,1,1,1,NA
23,1,2,NA,1,10,6,8,4,1,1,NA,2,NA,2,NA,2,1,2,1,2,1,2,2,2,1,1,1,2,1,2,2,4,3,4,3,5,3,6,3,5,3,6,3,6,2,2,1,2,2,2,4,2,1,2,4,12,12,15,18,15,18,7.785714286
18,2,2,NA,1,11,6,8,4,1,"1,9",NA,3,NA,2,NA,4,3,5,2,2,1,3,2,3,1,1,3,3,2,4,3,6,5,6,4,4,5,2,2,4,4,6,4,6,2,3,3,12,10,2,6,3,3,6,12,30,24,20,4,16,24,12.28571429
17,1,1,12,NA,10,6,8,5,2,3,NA,1,NA,1,NA,4,2,5,2,NA,NA,5,3,1,1,1,1,1,1,5,2,6,6,4,5,1,1,4,6,4,4,6,6,6,2,1,1,8,10,NA,15,1,1,1,10,36,20,1,24,16,36,NA
19,2,2,NA,1,10,6,7,4,1,9,NA,2,NA,2,NA,1,1,1,1,1,1,1,1,1,1,1,1,1,1,1,1,1,1,1,1,1,1,1,1,1,1,1,1,6,3,2,3,1,1,1,1,1,1,1,1,1,1,1,1,1,1,1
16,2,1,11,NA,10,6,8,5,3,9,NA,1,NA,1,NA,1,1,1,2,1,1,1,1,1,1,1,1,1,1,1,1,3,2,3,2,3,2,1,1,1,1,1,1,6,2,1,3,1,2,1,1,1,1,1,1,6,6,6,1,1,1,2.142857143
18,2,2,NA,1,"6,10","2,6",8,4,2,6,NA,2,NA,2,NA,2,2,2,2,1,1,2,2,2,2,1,1,1,1,1,1,4,3,5,3,4,3,4,4,4,2,4,3,9,2,2,2,4,4,1,4,4,1,1,1,12,15,12,16,8,12,6.785714286
20,2,2,NA,"1,6",12,6,8,5,1,"1,3,7",NA,2,NA,2,NA,3,2,3,5,4,3,4,3,1,2,3,2,1,1,1,1,5,4,4,3,3,3,2,2,5,4,5,4,6,2,2,1,6,15,12,12,2,6,1,1,20,12,9,4,20,20,10
17,1,1,12,NA,"10,11,12",6,7,5,3,1,NA,"2,3",NA,2,NA,2,1,1,1,1,2,2,1,1,1,1,1,1,1,3,2,5,3,5,5,5,4,4,3,5,4,6,5,6,3,3,1,2,1,2,2,1,1,1,6,15,25,20,12,20,30,9.857142857
25,3,2,NA,"2,6","9,10","1,6",8,4,1,"3,6,7",NA,"1,3,5",NA,2,"my sex assigned was female, but my birth certificate now says male",2,3,3,3,3,3,3,3,2,2,3,3,3,3,3,4,4,4,4,4,4,4,3,3,3,3,3,3,9,2,3,2,6,9,9,9,4,9,9,12,16,16,16,9,9,9,10.14285714
16,1,1,11,NA,10,6,2,5,2,"4,6,7,10",NA,1,NA,1,NA,2,1,2,2,2,2,2,1,1,1,2,2,1,1,1,1,5,6,6,5,5,5,5,5,2,2,4,5,6,1,1,2,2,4,4,2,1,4,1,1,30,30,25,25,4,20,10.92857143
17,1,1,11,NA,"3,10,12",6,6,5,2,"6,7",NA,"2,4",NA,2,NA,1,1,1,1,1,2,1,3,1,1,3,4,1,1,3,4,6,6,6,6,6,6,1,1,2,3,4,5,6,1,3,2,1,1,2,3,1,12,1,12,36,36,36,1,6,20,12
16,1,1,10,NA,7,4,6,5,1,"1,2,8,9,11",Demiromantic,2,NA,2,NA,1,1,2,1,1,1,1,1,2,2,1,1,1,1,1,2,4,2,5,3,2,1,1,2,1,3,4,3,4,1,2,3,1,2,1,1,4,1,1,2,8,15,2,2,3,12,3.928571429
25,3,2,NA,7,12,6,8,4,3,3,NA,1,NA,1,NA,2,2,2,2,2,2,2,2,2,2,3,2,2,2,2,2,4,3,5,4,4,4,3,3,2,2,4,4,6,2,1,1,4,4,4,4,4,6,4,4,12,20,16,9,4,16,7.928571429
20,2,2,NA,1,10,6,8,4,1,1,NA,2,NA,2,NA,2,2,1,1,3,3,1,1,1,1,4,3,1,1,3,2,5,4,4,4,5,5,5,4,4,4,5,6,6,2,2,1,4,1,9,1,1,12,1,6,20,16,25,20,16,30,11.57142857
18,2,2,NA,1,"10,12",6,8,5,2,2,NA,3,NA,2,NA,5,2,4,2,4,3,5,2,5,2,5,3,6,3,5,4,5,4,6,5,5,4,5,5,2,2,3,2,6,2,3,1,10,8,12,10,10,15,18,20,20,30,20,25,4,6,14.85714286
17,2,1,12,NA,"10,16","3,6",8,5,2,3,NA,1,NA,1,NA,4,2,1,1,5,4,3,1,1,1,6,4,4,4,2,1,6,4,6,5,6,4,2,2,6,4,6,5,9,2,1,1,8,1,20,3,1,24,16,2,24,30,24,4,24,30,15.07142857
16,3,2,NA,4,10,6,8,5,1,7,NA,"1,5",NA,2,NA,2,1,3,2,4,3,4,3,1,1,6,3,1,1,2,1,6,6,6,6,6,6,1,1,3,3,5,5,6,2,5,4,2,6,12,12,1,18,1,2,36,36,36,1,9,25,14.07142857
16,2,1,11,NA,"9,10,12,13",6,8,6,3,6,NA,2,NA,2,NA,2,1,1,1,1,1,1,1,1,1,1,1,1,1,1,1,6,6,6,6,5,6,3,3,1,1,1,1,6,2,2,2,2,1,1,1,1,1,1,1,36,36,30,9,1,1,8.714285714
24,1,2,NA,3,16,6,8,5,2,6,NA,2,NA,2,NA,1,1,1,1,1,1,1,1,1,1,1,1,1,1,1,1,5,4,6,5,6,5,1,1,1,1,1,1,6,2,2,2,1,1,1,1,1,1,1,1,20,30,30,1,1,1,6.5
17,3,1,12,NA,11,6,8,5,1,1,NA,2,NA,2,NA,1,2,1,1,1,1,2,2,1,1,3,3,1,1,2,2,4,3,4,3,4,4,4,4,2,3,3,3,6,2,2,1,2,1,1,4,1,9,1,4,12,12,16,16,6,9,6.714285714
16,3,1,10,NA,10,6,8,6,1,3,NA,1,NA,1,NA,5,4,6,3,4,2,6,5,1,2,6,5,2,3,3,2,6,5,6,5,6,5,4,2,1,2,2,4,6,2,1,1,20,18,8,30,2,30,6,6,30,30,30,8,2,8,16.28571429
16,1,1,10,NA,10,6,4,6,3,10,NA,2,NA,2,NA,1,1,2,3,1,1,4,4,1,1,1,1,1,1,2,1,3,2,1,5,1,1,6,6,1,2,1,3,6,1,2,2,1,6,1,16,1,1,1,2,6,5,1,36,2,3,5.857142857
18,2,2,NA,"1,6",10,6,8,5,2,"6,7",NA,7,NA,2,NA,2,2,2,2,2,2,2,2,2,2,2,2,2,2,3,2,5,4,5,5,4,4,2,2,4,3,5,4,6,2,NA,2,4,4,4,4,4,4,4,6,20,25,16,4,12,20,9.357142857
16,2,1,10,NA,10,6,8,5,1,"2,6",NA,5,NA,2,NA,4,2,3,1,5,3,5,4,2,1,5,2,3,2,2,2,6,4,6,3,6,3,3,2,5,5,6,5,6,2,5,2,8,3,15,20,2,10,6,4,24,18,18,6,25,30,13.5
16,2,1,11,NA,"12,16",6,2,5,2,"3,4,6,7",NA,1,NA,1,NA,2,2,2,2,2,2,2,2,2,2,4,3,1,1,5,4,3,1,4,3,4,3,2,2,4,4,6,6,6,1,1,2,4,4,4,4,4,12,1,20,3,12,12,4,16,36,9.714285714
17,1,1,12,NA,10,6,6,5,1,"6,10",NA,2,NA,2,NA,2,2,1,1,4,4,3,3,4,1,2,1,3,1,4,1,6,3,6,5,4,2,6,5,4,3,5,3,6,1,2,2,4,1,16,9,4,2,3,4,18,30,8,30,12,15,11.14285714
19,1,1,12,NA,"6,10","2,6",7,4,1,"3,4",NA,"1,6",Intersex,3,NA,4,2,5,4,4,4,1,1,3,3,6,5,2,2,4,4,6,6,5,5,5,5,2,5,1,1,3,3,9,3,NA,1,8,20,16,1,9,30,4,16,36,25,25,10,1,9,15
17,3,1,12,NA,"5,12",6,6,4,1,"2,6,7",NA,3,NA,2,NA,2,1,2,1,5,4,3,3,3,3,6,5,2,2,6,5,6,6,6,6,6,6,6,6,5,5,4,2,6,1,3,2,2,2,20,9,9,30,4,30,36,36,36,36,25,8,20.21428571
16,3,3,NA,NA,"10,17",8,8,4,2,1,NA,2,NA,2,NA,6,3,6,3,6,3,6,3,6,3,5,2,5,4,6,2,6,2,6,1,6,1,5,2,3,1,6,4,8,2,2,1,18,18,18,18,18,10,20,12,12,6,6,10,3,24,13.78571429
24,1,2,NA,"4,6","7,10,12",4,8,4,1,1,NA,2,NA,2,NA,2,2,2,2,5,5,3,2,3,2,6,5,2,2,2,2,5,2,5,3,1,1,3,2,5,3,5,4,4,2,2,1,4,4,25,6,6,30,4,4,10,15,1,6,15,20,10.71428571
17,2,1,12,NA,"6,10,12","2,6",8,5,2,10,NA,1,NA,1,NA,6,5,2,1,2,2,6,4,1,1,1,1,3,2,1,1,6,6,6,6,6,6,6,6,4,2,5,4,9,2,1,2,30,2,4,24,1,1,6,1,36,36,36,36,8,20,17.21428571
16,1,1,11,NA,10,6,8,5,1,"4,6",NA,"1,5",NA,2,NA,6,4,6,6,6,5,6,5,4,4,6,5,6,5,6,6,6,6,6,6,6,6,6,6,5,4,6,6,6,2,5,2,24,36,30,30,16,30,30,36,36,36,36,36,20,36,30.85714286
24,2,2,NA,"2,6",10,6,8,5,1,1,NA,2,NA,2,NA,2,2,2,2,5,3,2,2,1,2,5,4,1,1,3,3,6,4,6,5,3,2,5,4,1,1,2,2,6,2,2,1,4,4,15,4,2,20,1,9,24,30,6,20,1,4,10.28571429
17,2,1,12,NA,"6,10,12","2,6",7,5,2,"2,6,8",NA,2,NA,2,NA,6,4,6,2,4,3,6,4,5,3,5,3,4,3,6,4,5,4,6,4,6,4,6,4,4,4,6,5,9,3,2,2,24,12,12,24,15,15,12,24,20,24,24,24,16,30,19.71428571
17,3,1,12,8,16,6,2,5,2,6,NA,2,NA,2,NA,2,2,3,3,2,2,3,2,3,3,3,2,1,1,1,1,1,1,1,1,2,2,3,3,3,2,3,4,6,1,2,2,4,9,4,6,9,6,1,1,1,1,4,9,6,12,5.214285714
17,1,1,12,NA,"10,12",6,8,5,3,"1,9",NA,2,NA,2,NA,6,5,3,4,3,2,6,4,2,3,1,2,1,2,5,3,6,6,6,6,6,6,6,6,5,4,5,4,6,2,2,3,30,12,6,24,6,2,2,15,36,36,36,36,20,20,20.07142857
22,2,2,NA,2,"10,12",6,8,4,1,"3,4,7",NA,"1,5",NA,2,NA,1,1,1,1,2,2,2,2,2,1,3,3,1,1,2,2,4,4,4,4,5,5,4,4,4,4,4,4,6,2,5,1,1,1,4,4,2,9,1,4,16,16,25,16,16,16,9.357142857
16,2,1,11,NA,7,4,8,5,2,1,NA,2,NA,2,NA,1,2,2,2,1,1,1,1,1,1,1,1,1,1,1,1,5,4,5,4,5,5,5,5,3,4,4,5,4,2,2,1,2,4,1,1,1,1,1,1,20,20,25,25,12,20,9.571428571
16,1,3,NA,NA,"12,16",6,8,4,1,7,NA,2,NA,2,NA,3,2,3,2,4,3,3,2,2,2,3,2,2,2,3,3,6,5,6,5,6,5,5,4,5,5,5,4,6,2,2,4,6,6,12,6,4,6,4,9,30,30,30,20,25,20,14.85714286
19,1,2,NA,7,10,6,8,6,1,1,NA,"3,5",NA,2,NA,4,2,3,3,5,5,3,2,3,2,3,3,2,2,4,4,5,5,6,6,5,5,4,3,3,4,5,5,6,2,3,1,8,9,25,6,6,9,4,16,25,36,25,12,12,25,15.57142857
19,3,2,NA,1,10,6,8,5,3,6,NA,3,NA,2,NA,2,2,2,2,3,3,2,2,2,2,2,2,2,2,3,3,5,4,6,5,5,4,5,5,3,2,6,5,6,2,3,2,4,4,9,4,4,4,4,9,20,30,20,25,6,30,12.35714286
17,1,1,12,NA,11,6,8,5,1,1,NA,2,NA,2,NA,4,3,4,4,2,1,5,3,1,1,3,2,3,2,5,3,2,1,2,4,4,1,5,3,3,3,6,4,6,2,2,1,12,16,2,15,1,6,6,15,2,8,4,15,9,24,9.642857143
22,2,2,NA,3,"3,10",6,8,5,2,3,NA,1,NA,1,NA,3,2,3,2,4,4,4,3,2,2,5,5,2,2,5,4,6,5,5,5,6,5,4,4,5,4,6,5,6,2,1,1,6,6,16,12,4,25,4,20,30,25,30,16,20,30,17.42857143
24,2,2,NA,3,10,6,2,5,1,6,NA,3,NA,2,NA,2,1,4,2,2,1,4,2,2,1,2,1,1,1,3,2,6,5,6,5,6,5,6,5,4,2,5,4,6,1,3,2,2,8,2,8,2,2,1,6,30,30,30,30,8,20,12.78571429
23,2,2,NA,3,"12,14",6,8,4,1,"2,7",NA,2,NA,1,NA,1,1,1,1,6,5,1,3,1,1,4,5,2,3,4,5,5,3,4,4,1,1,1,4,1,1,3,4,6,2,4,1,1,1,30,3,1,20,6,20,15,16,1,4,1,12,9.357142857
17,3,1,12,NA,NA,6,6,4,2,2,NA,2,NA,2,NA,4,2,3,3,3,4,2,2,1,1,6,5,3,3,1,1,5,3,6,6,1,1,4,5,4,5,5,5,6,1,2,1,8,9,12,4,1,30,9,1,15,36,1,20,20,25,13.64285714
22,1,2,NA,"1,6",10,6,8,5,1,7,NA,"1,5",NA,2,NA,1,1,1,1,3,3,1,1,1,1,2,1,1,1,1,1,3,2,4,2,4,2,1,1,2,1,2,1,6,2,5,4,1,1,9,1,1,2,1,1,6,8,8,1,2,2,3.142857143
17,2,1,12,NA,"10,12,16",6,4,5,2,"9,11",Bi-romantic and asexual,3,NA,2,NA,2,2,2,2,5,4,2,2,1,1,5,4,3,2,4,3,6,5,6,6,4,4,3,2,5,4,5,5,6,1,3,3,4,4,20,4,1,20,6,12,30,36,16,6,20,25,14.57142857
23,1,2,NA,"2,6",12,6,6,5,1,"6,10",NA,"3,4,5",NA,2,NA,4,2,5,3,4,4,5,4,3,3,5,5,3,2,6,6,5,4,6,6,5,4,6,5,5,4,6,6,6,1,3,2,8,15,16,20,9,25,6,36,20,36,20,30,20,36,21.21428571
16,3,1,11,4,11,6,8,5,3,4,NA,"1,5",NA,2,NA,6,2,1,1,6,5,3,6,1,2,4,3,1,1,5,4,4,1,4,5,1,2,5,4,1,1,2,6,6,2,5,1,12,1,30,18,2,12,1,20,4,20,2,20,1,12,11.07142857
23,2,2,NA,3,7,4,7,5,3,2,NA,2,NA,2,NA,6,1,3,1,1,1,2,1,1,1,6,6,1,1,1,1,6,6,6,6,6,6,6,6,4,4,6,6,4,3,2,1,6,3,1,2,1,36,1,1,36,36,36,36,16,36,17.64285714
17,2,1,12,NA,"6,8",2,7,5,2,7,NA,2,NA,2,NA,2,1,1,1,1,1,2,1,2,1,1,1,2,1,1,1,1,1,4,3,1,1,1,1,1,1,1,1,2,3,2,4,2,1,1,2,2,1,2,1,1,12,1,1,1,1,2.071428571
17,2,2,NA,6,"11,12",6,8,5,1,1,NA,2,NA,2,NA,3,1,2,2,1,1,1,2,1,1,1,1,1,1,1,1,4,3,4,4,2,2,5,5,3,2,4,6,6,2,2,1,3,4,1,2,1,1,1,1,12,16,4,25,6,24,7.214285714
18,1,1,12,NA,"10,12",6,2,4,1,"6,8",NA,2,NA,2,NA,4,3,2,1,6,3,4,2,1,4,4,6,2,1,2,2,1,1,4,4,5,4,1,2,6,6,5,4,6,1,2,2,12,2,18,8,4,24,2,4,1,16,20,2,36,20,12.07142857
22,1,2,NA,1,10,6,8,5,2,8,NA,2,NA,2,NA,1,1,1,1,1,1,1,1,1,1,2,1,1,1,1,1,2,1,2,2,1,1,3,4,3,3,2,3,6,2,2,4,1,1,1,1,1,2,1,1,2,4,1,12,9,6,3.071428571
17,1,2,NA,1,10,6,8,5,2,"2,7",NA,2,NA,2,NA,2,1,1,1,2,2,2,2,1,2,1,1,1,1,3,2,4,2,5,2,1,1,1,1,4,4,2,2,6,2,2,1,2,1,4,4,2,1,1,6,8,10,1,1,16,4,4.357142857
16,2,1,11,NA,10,6,8,5,2,"1,8,9",NA,2,NA,2,NA,2,1,1,1,1,1,1,1,1,1,1,1,1,1,2,1,4,2,4,3,2,2,2,2,3,3,4,4,6,2,2,3,2,1,1,1,1,1,1,2,8,12,4,4,9,16,4.5
16,1,1,10,NA,10,6,8,5,3,"4,9,10",NA,4,NA,2,NA,1,1,1,1,1,1,1,1,1,1,1,1,1,1,1,1,1,1,5,3,5,4,1,1,1,1,1,6,6,2,3,2,1,1,1,1,1,1,1,1,1,15,20,1,1,6,3.714285714
17,2,1,11,NA,8,2,8,5,1,1,NA,"3,4",NA,2,NA,2,3,2,2,3,3,2,2,1,1,4,3,2,1,4,3,5,4,5,5,6,5,2,1,4,3,3,5,2,2,3,1,6,4,9,4,1,12,2,12,20,25,30,2,12,15,11
17,2,1,12,NA,"10,12",6,8,5,2,6,NA,2,NA,2,NA,2,2,1,1,4,2,1,2,2,3,1,1,1,1,4,4,5,5,5,4,4,3,3,6,6,6,6,6,6,2,2,2,4,1,8,2,6,1,1,16,25,20,12,18,36,36,13.28571429
16,2,1,11,NA,10,6,2,5,2,6,NA,2,NA,2,NA,2,2,1,1,1,2,1,2,1,1,1,1,1,1,1,1,3,1,2,1,2,1,2,2,1,3,3,4,6,1,2,2,4,1,2,2,1,1,1,1,3,2,2,4,3,12,2.785714286
17,2,1,12,NA,"7,10,12",6,8,4,2,1,NA,"2,3",NA,2,NA,3,3,4,3,2,2,5,4,4,5,2,3,2,2,2,2,5,5,6,4,5,4,6,5,5,5,5,5,6,2,3,1,9,12,4,20,20,6,4,4,25,24,20,30,25,25,16.28571429
17,3,1,11,NA,16,"6,7",8,5,1,7,NA,3,NA,2,NA,4,3,5,5,5,4,5,4,4,4,6,5,3,3,5,5,6,5,5,6,6,5,6,6,6,5,6,6,9,2,3,4,12,25,20,20,16,30,9,25,30,30,30,36,30,36,24.92857143
17,1,1,12,NA,6,2,8,6,2,"2,6,7,9",NA,2,NA,2,NA,1,1,1,1,1,1,1,2,1,2,1,1,1,1,1,1,3,6,3,6,3,6,1,1,4,4,4,6,2,2,2,2,1,1,1,2,2,1,1,1,18,18,18,1,16,24,7.5
17,2,1,12,NA,"11,12",6,2,4,1,"2,6",NA,"2,3,4",NA,2,NA,1,1,2,2,1,1,1,3,1,1,1,1,1,1,3,3,2,6,2,6,1,6,1,1,1,3,4,6,6,1,3,2,1,4,1,3,1,1,1,9,12,12,6,1,3,24,5.642857143
22,2,2,NA,2,16,6,4,5,2,"6,7",NA,"2,4",NA,2,NA,1,2,1,1,2,2,1,1,1,1,1,1,1,1,1,1,5,6,5,5,5,5,2,2,2,2,5,6,6,1,3,2,2,1,4,1,1,1,1,1,30,25,25,4,4,30,9.285714286
22,2,2,NA,7,10,6,8,5,2,"6,7",NA,"3,5",NA,2,NA,2,2,3,1,2,2,3,2,2,1,4,4,2,2,3,2,5,5,5,6,4,4,4,5,2,3,4,4,6,2,3,2,4,3,4,6,2,16,4,6,25,30,16,20,6,16,11.28571429
23,2,2,NA,"1,6",10,6,8,5,2,3,NA,1,NA,1,NA,1,1,2,2,1,1,1,1,2,2,1,4,1,2,1,5,1,1,1,1,1,1,2,2,2,3,3,6,6,2,1,1,1,4,1,1,4,4,2,5,1,1,1,4,6,18,3.785714286
19,2,2,NA,1,10,6,8,5,2,"1,3,7,9",NA,2,NA,2,NA,2,2,3,2,4,3,5,4,2,2,6,5,3,2,2,2,5,4,5,5,5,4,6,6,3,2,5,4,6,2,2,3,4,6,12,20,4,30,6,4,20,25,20,36,6,20,15.21428571
26,2,2,NA,3,10,6,8,5,3,3,NA,1,NA,1,NA,1,1,1,1,2,2,2,2,1,1,3,3,1,1,2,2,4,3,4,4,3,3,3,4,2,2,5,6,6,2,1,1,1,1,4,4,1,9,1,4,12,16,9,12,4,30,7.714285714
16,2,1,10,8,"10,16",6,8,5,3,1,NA,3,NA,2,NA,3,1,5,2,6,2,3,1,4,2,1,1,3,2,1,1,3,6,3,6,2,6,2,3,4,2,1,3,6,2,3,1,3,10,12,3,8,1,6,1,18,18,12,6,8,3,7.785714286
22,3,2,NA,1,"10,12",6,2,4,1,9,NA,"1,3",NA,2,NA,2,1,3,2,2,2,3,2,2,4,3,3,2,1,2,2,4,3,5,5,3,3,3,2,5,3,6,4,6,1,5,3,2,6,4,6,8,9,2,4,12,25,9,6,15,24,9.428571429
24,1,2,NA,7,10,6,8,5,1,7,NA,3,NA,2,NA,3,3,4,2,6,3,5,3,3,1,6,3,3,1,5,4,6,5,6,4,5,5,6,5,4,3,6,4,6,2,3,4,9,8,18,15,3,18,3,20,30,24,25,30,12,24,17.07142857
18,2,2,NA,"1,6",10,6,8,4,2,"2,9,11",I mostly describe myself as sapphic,"3,6",Iâ€™m a kind of non binary where my gender is like a woman but not. In the same way a horror book would describe something as like a wolf but not,2,NA,1,1,1,1,1,1,1,1,1,1,2,2,1,1,1,1,4,1,3,3,3,3,1,1,1,1,1,1,6,2,3,3,1,1,1,1,1,4,1,1,4,9,9,1,1,1,2.571428571
16,2,1,11,NA,10,6,2,4,2,"6,11",Demisexual,"1,5",NA,2,NA,3,2,2,1,5,4,5,2,2,3,4,6,2,1,4,6,6,6,6,5,5,3,6,6,5,4,6,4,6,1,5,2,6,2,20,10,6,24,2,24,36,30,15,36,20,24,18.21428571
23,2,2,NA,2,1,7,2,5,2,6,NA,2,NA,2,NA,1,1,1,1,1,1,3,1,1,1,1,2,1,1,1,1,6,6,6,6,6,6,6,4,1,2,5,2,7,1,2,2,1,1,1,3,1,2,1,1,36,36,36,24,2,10,11.07142857
17,2,2,NA,1,10,6,8,5,3,3,NA,1,NA,1,NA,4,4,4,3,5,4,4,3,3,2,5,4,4,3,4,4,4,2,4,3,4,2,4,3,4,3,5,4,6,2,1,1,16,12,20,12,6,20,12,16,8,12,8,12,12,20,13.28571429
18,1,2,NA,"1,6","10,12",6,8,5,2,"6,7",NA,"3,5",NA,2,NA,2,1,2,2,3,2,3,3,3,2,4,3,2,1,3,3,5,4,5,3,4,3,3,3,2,2,4,4,6,2,3,2,2,4,6,9,6,12,2,9,20,15,12,9,4,16,9
16,3,1,10,NA,"10,11",6,8,5,2,"1,2,6,8",NA,2,NA,2,NA,2,3,3,1,1,1,2,3,1,1,1,1,1,1,2,1,4,3,3,2,2,3,2,2,4,3,6,5,6,2,2,2,6,3,1,6,1,1,1,2,12,6,6,4,12,30,6.5
18,NA,2,NA,6,10,6,8,5,2,"1,3,7,11",Demi-romantic and Demi-sexual,"3,4",NA,2,NA,2,2,1,1,3,2,3,2,3,3,6,4,2,1,4,3,5,4,5,5,4,4,3,3,4,4,5,4,6,2,3,1,4,1,6,6,9,24,2,12,20,25,16,9,16,20,12.14285714
17,2,1,12,NA,10,6,8,5,3,9,NA,"4,5",NA,2,NA,1,1,1,1,1,1,1,1,1,1,1,1,1,1,1,1,5,2,5,2,4,2,1,1,1,1,3,3,6,2,3,3,1,1,1,1,1,1,1,1,10,10,8,1,1,9,3.357142857
16,2,1,11,NA,16,2,8,5,3,"7,9",NA,"1,3,4,5",NA,2,NA,1,1,1,1,1,1,3,4,1,1,1,1,1,1,1,1,6,5,3,2,4,4,2,2,1,1,2,2,2,2,5,3,1,1,1,12,1,1,1,1,30,6,16,4,1,4,5.714285714
20,1,2,NA,"1,6",10,6,2,4,2,"4,6,9",NA,2,NA,2,NA,1,1,1,1,1,1,2,1,1,1,2,2,1,1,1,1,4,3,4,3,4,3,2,2,3,3,4,3,6,1,2,2,1,1,1,2,1,4,1,1,12,12,12,4,9,12,5.214285714
18,1,2,NA,1,12,6,8,5,2,9,NA,2,NA,2,NA,1,1,1,1,1,1,1,1,1,1,4,2,1,1,1,1,3,3,5,5,5,5,1,1,1,1,1,1,6,2,2,3,1,1,1,1,1,8,1,1,9,25,25,1,1,1,5.5
16,2,1,12,NA,10,6,8,4,1,1,NA,2,NA,2,NA,3,2,2,2,3,2,3,4,2,1,3,2,3,2,2,2,5,2,4,3,4,2,6,4,6,4,6,6,6,2,2,1,6,4,6,12,2,6,6,4,10,12,8,24,24,36,11.42857143
17,1,1,12,NA,NA,NA,8,5,3,"1,2",NA,2,NA,2,NA,1,1,1,1,1,1,1,1,1,1,1,1,1,1,1,1,3,2,4,2,4,2,3,2,2,4,5,5,NA,2,2,1,1,1,1,1,1,1,1,1,6,8,8,6,8,25,4.928571429
17,2,1,12,NA,6,2,8,NA,1,"7,9",NA,3,NA,2,NA,4,3,1,2,4,3,4,2,2,2,4,3,1,1,3,2,6,6,6,6,6,6,4,3,4,2,6,5,2,2,3,3,12,2,12,8,4,12,1,6,36,36,36,12,8,30,15.35714286
16,2,1,11,8,"6,10,12",6,8,6,1,"9,11",Aromantic,"5,6",Agender,2,NA,1,1,1,1,1,1,2,3,1,1,2,2,1,1,1,1,5,4,6,5,4,3,2,4,2,2,2,3,6,2,3,3,1,1,1,6,1,4,1,1,20,30,12,8,4,6,6.857142857
24,3,2,NA,2,"10,12",6,6,4,1,"7,9",NA,"3,4,5",NA,2,NA,4,4,5,4,6,4,4,5,5,6,6,6,4,4,6,6,6,6,4,4,2,1,4,4,3,3,6,6,6,1,3,3,16,20,24,20,30,36,16,36,36,16,2,16,9,36,22.35714286
20,1,2,NA,"1,6","10,12",6,8,5,1,"3,4,7",NA,"1,5",NA,2,NA,2,2,2,2,3,3,1,1,2,2,4,3,1,1,2,3,6,6,5,5,6,6,3,4,2,2,3,4,6,2,5,1,4,4,9,1,4,12,1,6,36,25,36,12,4,12,11.85714286
16,3,2,NA,6,10,6,8,5,1,6,NA,"1,5",NA,2,NA,1,3,2,4,1,2,1,3,1,2,1,1,1,1,3,2,4,4,3,5,4,5,1,5,2,5,1,5,6,2,5,2,3,8,2,3,2,1,1,6,16,15,20,5,10,5,6.928571429
16,3,1,11,NA,"10,16",6,7,5,2,"1,2,7,8",NA,2,NA,2,NA,4,2,3,1,2,2,3,3,1,1,5,4,2,1,2,1,6,4,5,5,4,3,4,5,3,3,5,4,6,3,2,1,8,3,4,9,1,20,2,2,24,25,12,20,9,20,11.35714286
19,2,2,NA,5,10,6,8,4,1,9,NA,6,Agender,2,NA,2,2,2,2,2,2,2,2,2,2,2,2,2,2,1,3,5,4,5,4,5,5,5,5,5,5,5,5,6,2,3,3,4,4,4,4,4,4,4,3,20,20,25,25,25,25,12.21428571
24,1,2,NA,6,10,6,8,5,1,"1,7,9",NA,3,NA,2,NA,3,2,2,1,2,2,3,2,2,2,2,1,1,1,2,2,6,2,6,3,6,2,4,2,4,3,5,4,6,2,3,3,6,2,4,6,4,2,1,4,12,18,12,8,12,20,7.928571429
21,1,2,NA,1,"10,11",6,8,6,1,"2,6,7",NA,"3,4,5",NA,2,NA,2,2,4,2,3,1,1,1,2,1,4,3,1,1,3,3,6,5,4,4,6,5,2,3,1,1,2,2,6,2,3,2,4,8,3,1,2,12,1,9,30,16,30,6,1,4,9.071428571
16,3,1,11,NA,10,6,2,4,1,"6,7",NA,"3,5",NA,2,NA,2,1,6,1,3,2,2,3,1,1,2,1,1,1,6,6,3,4,2,2,1,2,3,4,2,2,6,6,6,1,3,2,2,6,6,6,1,2,1,36,12,4,2,12,4,36,9.285714286
17,2,1,12,NA,"10,12",6,8,5,2,"4,6,7,8,10",NA,1,NA,2,NA,4,2,4,2,6,3,5,4,5,4,5,4,3,2,5,5,6,5,6,5,4,3,3,3,5,3,6,4,6,2,5,2,8,8,18,20,20,20,6,25,30,30,12,9,15,24,17.5
17,1,1,12,NA,"3,10",6,8,4,1,6,NA,"2,5",NA,1,NA,5,3,3,2,2,2,5,3,1,1,6,5,3,2,2,2,6,6,6,6,6,6,6,6,4,4,6,6,6,2,4,2,15,6,4,15,1,30,6,4,36,36,36,36,16,36,19.78571429
16,3,1,11,NA,10,6,8,5,1,"6,8",NA,1,NA,1,NA,3,4,5,4,6,5,5,5,3,2,5,4,2,2,3,3,1,1,1,1,2,1,5,5,4,3,5,4,6,2,1,2,12,20,30,25,6,20,4,9,1,1,2,25,12,20,13.35714286
20,2,2,NA,1,"6,12",2,8,5,2,1,NA,5,NA,2,NA,4,4,4,3,5,4,4,3,1,1,6,5,2,1,6,4,6,5,6,6,6,5,6,6,5,5,6,6,2,2,5,1,16,12,20,12,1,30,2,24,30,36,30,36,25,36,22.14285714
18,1,2,NA,7,10,6,8,4,1,"4,7",NA,"1,5",NA,2,NA,3,2,3,2,2,1,3,1,2,1,4,2,3,2,4,2,5,2,5,2,6,3,5,2,3,2,4,3,6,2,5,1,6,6,2,3,2,8,6,8,10,10,18,10,6,12,7.642857143
23,2,2,NA,2,10,6,8,5,2,2,NA,2,NA,2,NA,2,1,1,1,3,2,2,2,2,2,3,3,1,1,2,4,5,1,5,5,5,1,5,4,2,2,3,3,6,2,2,1,2,1,6,4,4,9,1,8,5,25,5,20,4,9,7.357142857
21,1,2,NA,2,10,6,8,5,1,"8,9",NA,2,NA,2,NA,1,1,1,1,1,1,1,1,2,1,1,1,1,1,1,1,3,1,4,2,1,1,1,1,1,1,1,1,6,2,2,3,1,1,1,1,2,1,1,1,3,8,1,1,1,1,1.714285714
20,2,2,NA,"1,6",10,6,8,5,2,4,NA,1,NA,1,NA,3,2,4,3,5,4,4,4,2,1,5,5,2,2,2,1,6,2,5,3,4,2,6,5,4,3,5,5,6,2,1,1,6,12,20,16,2,25,4,2,12,15,8,30,12,25,13.5
22,2,2,NA,2,10,6,8,5,1,"1,9",NA,2,NA,2,NA,4,4,5,4,5,5,4,4,3,3,5,5,5,5,6,5,5,5,6,6,5,5,4,4,6,6,6,6,6,2,2,3,16,20,25,16,9,25,25,30,25,36,25,16,36,36,24.28571429
21,2,2,NA,"1,6",10,6,8,4,2,"1,2,3,7,9",NA,"3,6",Agender/Genderqueer,2,NA,2,2,2,2,3,2,2,2,1,1,4,4,1,1,4,3,6,4,6,5,5,4,4,4,3,2,4,3,6,2,3,3,4,4,6,4,1,16,1,12,24,30,20,16,6,12,11.14285714
17,3,1,12,NA,NA,NA,2,5,2,6,NA,1,NA,1,NA,2,2,1,1,3,2,3,3,1,1,3,2,1,1,1,1,5,3,5,2,3,2,5,3,3,2,5,5,NA,1,1,2,4,1,6,9,1,6,1,1,15,10,6,15,6,25,7.571428571
16,2,1,10,NA,"10,12",6,2,5,1,"2,8,10",NA,3,NA,1,NA,4,3,5,3,3,2,6,4,4,4,5,2,3,2,4,6,1,1,2,3,3,2,4,2,5,5,2,5,6,1,3,2,12,15,6,24,16,10,6,24,1,6,6,8,25,10,12.07142857
17,1,1,12,NA,"7,8",2,8,5,1,"6,7,8,9",NA,"2,3",NA,2,NA,4,3,2,2,2,2,3,2,2,2,2,3,2,2,2,2,4,2,3,2,3,2,3,2,3,3,4,3,2,2,3,2,12,4,4,6,4,6,4,4,8,6,6,6,9,12,6.5
20,3,2,NA,1,"9,10","1,6",2,6,1,9,NA,3,NA,3,NA,4,2,5,2,5,4,5,3,1,1,6,4,4,1,6,5,6,6,6,6,6,6,6,6,6,4,5,5,9,1,3,3,8,10,20,15,1,24,4,30,36,36,36,36,24,25,21.78571429
17,2,2,NA,7,"9,10","1,6",8,4,1,9,NA,"3,5",NA,2,NA,3,3,4,3,3,3,5,4,1,2,5,4,5,3,5,4,6,4,6,3,5,4,5,4,4,4,4,4,9,2,3,3,9,12,9,20,2,20,15,20,24,18,20,20,16,16,15.78571429
20,1,2,NA,1,"8,10","2,6",8,5,2,9,NA,2,NA,2,NA,1,1,1,1,1,1,1,1,1,1,1,1,1,1,1,1,6,5,5,4,2,2,1,1,1,1,1,1,9,2,2,3,1,1,1,1,1,1,1,1,30,20,4,1,1,1,4.642857143
21,2,2,NA,1,10,6,8,5,1,6,NA,2,NA,2,NA,1,1,1,1,1,1,1,1,1,1,1,1,1,1,1,1,2,1,3,2,1,1,1,1,1,1,1,1,6,2,2,2,1,1,1,1,1,1,1,1,2,6,1,1,1,1,1.428571429
25,2,2,NA,2,"3,6",2,2,5,2,"9,11",Biromantic,3,NA,2,NA,3,1,1,1,1,1,2,1,1,1,1,1,2,1,2,1,6,6,6,5,6,6,5,5,4,3,5,5,2,1,3,3,3,1,1,2,1,1,2,2,36,30,36,25,12,25,12.64285714
19,2,2,NA,6,"8,12","2,6",8,5,1,"4,6",NA,"1,5",NA,2,NA,1,1,1,1,2,1,1,1,1,1,2,1,1,1,1,1,6,4,3,2,4,3,2,1,3,1,3,3,9,2,5,2,1,1,2,1,1,2,1,1,24,6,12,2,3,9,4.714285714
19,1,2,NA,"1,6","10,12",6,8,5,2,3,NA,1,NA,1,NA,1,1,1,1,1,1,1,3,1,1,3,3,1,1,1,2,6,6,6,6,4,4,3,3,2,2,4,4,6,2,1,1,1,1,1,3,1,9,1,2,36,36,16,9,4,16,9.714285714
20,2,2,NA,1,10,6,2,5,1,7,NA,"2,3",NA,2,NA,2,1,1,1,4,3,2,1,1,1,1,1,1,1,3,2,4,2,2,4,3,2,4,4,4,4,5,5,6,1,3,4,2,1,12,2,1,1,1,6,8,8,6,16,16,25,7.5
25,2,2,NA,3,"10,12",6,2,5,3,1,NA,2,NA,2,NA,1,1,2,1,4,3,2,1,1,1,1,1,1,1,2,2,6,4,6,5,6,4,6,6,5,4,6,6,6,1,2,1,1,2,12,2,1,1,1,4,24,30,24,36,20,36,13.85714286
26,2,2,NA,5,10,6,6,5,1,1,NA,3,NA,2,NA,1,1,1,2,2,2,1,2,1,2,1,3,1,1,1,2,6,5,5,5,6,5,1,5,1,2,3,2,6,1,3,1,1,2,4,2,2,3,1,2,30,25,30,5,2,6,8.214285714
18,3,2,NA,1,10,6,8,5,2,"6,7,10",NA,2,NA,2,NA,4,3,3,2,4,2,4,3,3,2,2,2,3,1,2,2,6,6,6,6,5,5,5,5,5,5,6,5,6,2,2,2,12,6,8,12,6,4,3,4,36,36,25,25,25,30,16.57142857
16,1,1,11,NA,10,6,8,5,3,7,NA,2,NA,2,NA,2,1,3,3,2,2,3,3,1,1,2,1,1,1,2,2,4,3,5,4,3,2,3,3,2,2,3,2,6,2,2,4,2,9,4,9,1,2,1,4,12,20,6,9,4,6,6.357142857
17,2,1,12,NA,"7,10,11",4,8,5,1,6,NA,2,NA,2,NA,1,1,1,1,2,2,1,1,2,2,2,2,1,1,1,1,1,1,3,3,1,1,2,2,2,2,3,3,4,2,2,2,1,1,4,1,4,4,1,1,1,9,1,4,4,9,3.214285714
22,2,2,NA,3,10,6,8,5,1,6,NA,7,NA,1,NA,1,1,1,1,1,1,1,1,1,1,1,1,1,1,1,1,6,3,4,3,4,3,1,1,1,1,1,1,6,2,NA,2,1,1,1,1,1,1,1,1,18,12,12,1,1,1,3.785714286
17,2,3,NA,6,16,"1,2,3,4,6",8,5,3,11,Aroace,"1,5",NA,2,NA,4,4,5,2,6,3,2,5,1,3,3,2,3,3,5,3,6,5,3,4,5,3,4,4,5,2,5,3,9,2,5,3,16,10,18,10,3,6,9,15,30,12,15,16,10,15,13.21428571
17,1,2,NA,1,"1,10,12",6,8,5,3,"1,2,7",NA,"3,4,5",NA,2,NA,1,1,1,1,4,4,1,1,1,1,1,1,1,1,1,1,5,2,6,3,5,4,6,6,4,3,6,5,6,2,3,1,1,1,16,1,1,1,1,1,10,18,20,36,12,30,10.64285714
16,2,1,11,NA,"11,12",6,8,5,2,"6,7",NA,2,NA,2,NA,5,3,6,4,2,2,5,4,2,1,2,2,5,3,5,5,6,6,3,3,2,3,5,4,2,3,6,6,6,2,2,2,15,24,4,20,2,4,15,25,36,9,6,20,6,36,15.85714286
23,1,2,NA,1,10,6,8,5,1,"7,8,9,11",Aromantic,3,NA,2,NA,2,2,2,1,1,2,2,2,3,2,3,2,2,2,3,2,6,4,6,5,6,4,5,4,5,3,4,3,6,2,3,3,4,2,2,4,6,6,4,6,24,30,24,20,15,12,11.35714286
16,3,1,11,NA,10,6,8,5,2,10,NA,"2,3",NA,2,NA,2,1,2,2,3,3,3,2,1,2,4,3,1,1,3,2,5,2,5,3,4,2,3,2,4,3,5,4,6,2,3,2,2,4,9,6,2,12,1,6,10,15,8,6,12,20,8.071428571
25,2,2,NA,"2,6","7,11",6,8,5,1,"6,7",NA,"3,5,6",Agender (I class myself as non-binary trans),1,NA,1,1,1,1,2,2,3,2,1,1,3,2,1,1,4,3,6,3,6,4,5,3,4,2,3,2,6,4,6,2,3,2,1,1,4,6,1,6,1,12,18,24,15,8,6,24,9.071428571
17,2,1,12,NA,10,6,8,4,1,"7,9",NA,"1,4,5",NA,2,NA,2,2,2,2,2,2,2,2,2,2,2,1,1,1,1,1,4,2,4,4,3,2,5,4,3,3,4,3,6,2,5,3,4,4,4,4,4,2,1,1,8,16,6,20,9,12,6.785714286
16,3,1,11,NA,10,6,8,4,1,9,NA,"3,5,6",Agender,2,NA,1,2,1,1,2,3,2,4,1,1,2,4,1,1,1,2,3,3,4,4,3,3,2,3,1,1,2,2,6,2,3,3,2,1,6,8,1,8,1,2,9,16,9,6,1,4,5.285714286
16,2,1,11,NA,6,2,8,5,1,"2,7",NA,3,NA,2,NA,4,3,4,2,5,4,3,3,3,2,3,2,2,2,5,4,6,1,6,4,6,1,6,5,5,4,6,5,2,2,3,1,12,8,20,9,6,6,4,20,6,24,6,30,20,30,14.35714286
16,2,1,11,NA,"11,12",6,8,5,1,1,NA,2,NA,2,NA,2,1,2,3,3,3,3,3,2,2,4,4,2,3,4,4,6,2,6,4,6,6,6,5,6,5,6,6,6,2,2,1,2,6,9,9,4,16,6,16,12,24,36,30,30,36,16.85714286
17,2,1,12,NA,"12,14",6,7,5,1,6,NA,2,NA,2,NA,2,2,1,1,3,2,2,2,1,1,1,1,1,1,1,1,4,5,5,5,4,5,3,3,5,5,1,4,6,3,2,2,4,1,6,4,1,1,1,1,20,25,20,9,25,4,8.714285714
16,2,1,10,NA,"6,10,12","2,6",8,5,1,"8,10",NA,5,NA,2,NA,4,2,2,2,2,2,4,2,2,2,2,2,4,2,2,2,6,4,5,4,4,4,2,2,6,4,6,4,9,2,5,2,8,4,4,8,4,4,8,4,24,20,16,4,24,24,11.14285714
17,2,1,12,NA,10,6,8,5,2,"6,7,8",NA,"3,5",NA,2,NA,1,1,2,1,2,2,1,1,1,1,3,3,1,1,1,1,4,4,5,4,5,3,1,1,2,2,4,5,6,2,3,2,1,2,4,1,1,9,1,1,16,20,15,1,4,20,6.857142857
22,2,2,NA,2,"10,11",6,8,5,2,3,NA,1,NA,1,NA,2,2,2,2,2,3,2,3,2,2,2,3,2,2,2,2,2,2,3,3,3,3,3,3,2,2,3,3,6,2,1,1,4,4,6,6,4,6,4,4,4,9,9,9,4,9,5.857142857
20,2,2,NA,"1,6",10,6,8,5,1,"2,6,7",NA,"2,3,5",NA,1,NA,1,1,1,2,2,2,2,3,1,1,1,2,1,1,2,3,4,3,5,3,4,4,2,2,1,1,2,5,6,2,4,2,1,2,4,6,1,2,1,6,12,15,16,4,1,10,5.785714286
16,2,1,11,NA,12,6,8,5,1,1,NA,2,NA,2,NA,2,5,3,5,4,4,1,3,3,3,2,5,2,4,3,5,6,5,4,4,5,5,3,3,2,3,1,6,6,2,2,1,10,15,16,3,9,10,8,15,30,16,25,9,6,6,12.71428571
16,1,1,11,NA,"10,11,12",6,2,4,2,"1,9",NA,2,NA,2,NA,4,4,4,2,5,4,5,5,1,1,6,4,1,1,6,4,6,2,5,2,5,2,6,5,5,2,6,6,6,1,2,3,16,8,20,25,1,24,1,24,12,10,10,30,10,36,16.21428571
19,2,2,NA,"1,6",10,6,8,6,1,6,NA,2,NA,2,NA,3,2,1,1,1,1,3,2,3,2,1,1,1,1,5,3,6,4,6,4,6,3,2,1,4,3,6,5,6,2,2,2,6,1,1,6,6,1,1,15,24,24,18,2,12,30,10.5
20,2,2,NA,1,10,6,8,5,2,1,NA,2,NA,2,NA,3,1,1,1,2,1,2,1,1,1,3,2,1,2,1,1,5,3,5,4,4,4,5,5,1,2,6,6,6,2,2,1,3,1,2,2,1,6,2,1,15,20,16,25,2,36,9.428571429
16,1,1,11,NA,"1,3",6,8,5,1,"2,7",NA,"3,6",genderqueer,2,NA,2,3,1,1,4,3,1,1,1,1,5,5,1,1,1,3,3,1,2,4,1,1,1,1,4,6,4,6,6,2,3,1,6,1,12,1,1,25,1,3,3,8,1,1,24,24,7.928571429
17,3,1,11,NA,10,6,6,4,1,"4,9",NA,"1,5",NA,2,NA,4,4,4,3,5,4,3,2,3,3,4,3,4,4,6,5,6,5,5,4,6,5,5,5,6,5,6,6,6,1,5,3,16,12,20,6,9,12,16,30,30,20,30,25,30,36,20.85714286
18,1,2,NA,6,10,6,8,5,3,"6,9",NA,"3,5",NA,2,NA,3,1,2,2,2,2,3,1,2,1,3,2,2,1,2,2,5,3,6,3,5,2,3,2,3,2,5,3,6,2,3,2,3,4,4,3,2,6,2,4,15,18,10,6,6,15,7
17,2,1,12,NA,10,6,8,5,3,"1,11",demiaroace,"2,3,4",NA,2,NA,3,1,3,2,4,4,3,2,2,2,5,3,2,2,5,4,6,1,6,3,6,1,6,3,6,4,6,5,6,2,3,1,3,6,16,6,4,15,4,20,6,18,6,18,24,30,12.57142857
16,2,1,10,NA,10,6,8,5,1,1,NA,2,NA,2,NA,5,3,4,4,6,5,4,4,3,3,6,6,4,4,5,4,3,1,2,1,3,1,4,4,6,5,6,6,6,2,2,1,15,16,30,16,9,36,16,20,3,2,3,16,30,36,17.71428571
22,2,2,NA,3,10,6,8,5,2,3,NA,1,NA,1,NA,3,1,4,1,4,3,3,1,2,1,2,2,1,1,1,1,3,2,3,3,3,3,4,5,1,1,2,3,6,2,1,1,3,4,12,3,2,4,1,1,6,9,9,20,1,6,5.785714286
24,2,2,NA,3,"10,12",6,8,5,1,"9,11",Aromantic,"3,4",NA,2,NA,1,1,1,1,1,1,1,1,1,1,1,1,1,1,1,1,6,5,5,4,5,5,4,3,2,2,4,4,6,2,3,3,1,1,1,1,1,1,1,1,30,20,25,12,4,16,8.214285714
23,2,2,NA,3,"5,14,16",7,7,5,2,3,NA,1,NA,1,NA,4,2,2,2,5,3,5,4,3,3,6,5,3,4,2,2,6,5,6,6,6,6,5,5,2,2,6,6,7,3,1,1,8,4,15,20,9,30,12,4,30,36,36,25,4,36,19.21428571
17,2,1,12,NA,"9,10,12","1,6",8,5,1,"1,2,7",NA,4,NA,2,NA,3,5,2,3,4,4,3,4,2,3,3,3,3,4,5,6,6,6,6,5,5,5,6,6,4,4,6,6,9,2,3,1,15,6,16,12,6,9,12,30,36,30,25,36,16,36,20.35714286
16,1,1,11,NA,"11,12",6,4,5,2,"8,9",NA,"2,4",NA,2,NA,2,1,3,1,4,2,4,2,4,1,4,1,2,1,3,3,5,3,4,4,4,3,3,3,2,2,4,3,6,1,3,3,2,3,8,8,4,4,2,9,15,16,12,9,4,12,7.714285714
21,2,2,NA,6,10,6,8,5,1,"2,7,9,11",Demisexual,"3,5",NA,5,NA,6,2,3,4,6,1,6,2,2,1,6,1,4,2,4,3,6,6,5,3,4,2,5,5,1,2,1,4,6,2,NA,3,12,12,6,12,2,6,8,12,36,15,8,25,2,4,11.42857143
17,1,1,12,NA,9,1,8,5,2,1,NA,2,NA,2,NA,5,4,4,4,1,1,3,3,4,5,3,3,4,4,3,3,6,6,1,1,4,4,4,4,3,3,6,6,1,2,2,1,20,16,1,9,20,9,16,9,36,1,16,16,9,36,15.28571429
21,2,2,NA,6,12,6,7,6,3,9,NA,"3,4,5",NA,2,NA,3,2,1,2,3,1,2,2,2,1,1,2,1,1,1,1,4,4,4,3,3,1,5,3,5,2,5,5,6,3,3,3,6,2,3,4,2,2,1,1,16,12,3,15,10,25,7.285714286
22,2,2,NA,"2,6","6,10,12","2,6",8,5,2,"6,7",NA,2,NA,2,NA,2,2,2,2,2,2,2,2,2,2,2,2,2,2,2,1,5,3,5,4,3,3,2,1,1,1,1,1,9,2,2,2,4,4,4,4,4,4,4,2,15,20,9,2,1,1,5.571428571
16,1,1,11,NA,"2,7","3,4",2,5,1,"4,6,8",NA,2,NA,2,NA,2,2,1,1,3,3,3,2,1,1,4,3,1,1,2,2,5,4,4,3,4,3,4,2,3,3,5,4,9,1,2,2,4,1,9,6,1,12,1,4,20,12,12,8,9,20,8.5
17,2,2,NA,4,"9,10","1,6",8,5,2,3,NA,1,NA,2,NA,4,3,3,2,4,3,4,3,3,2,4,3,3,2,4,4,5,4,4,4,4,3,5,4,5,4,5,4,9,2,5,1,12,6,12,12,6,12,6,16,20,16,12,20,20,20,13.57142857
23,2,2,NA,1,12,6,8,5,2,"1,7",NA,2,NA,2,NA,3,2,2,1,4,2,1,1,2,1,1,1,2,1,6,5,6,4,6,5,6,5,6,6,5,5,6,6,6,2,2,1,6,2,8,1,2,1,2,30,24,30,30,36,25,36,16.64285714
16,1,1,11,NA,10,7,8,5,2,"2,6",NA,2,NA,2,NA,2,1,1,1,1,1,1,1,2,2,1,1,1,2,2,2,4,3,4,2,4,2,4,2,4,2,4,3,7,2,2,2,2,1,1,1,4,1,2,4,12,8,8,8,8,12,5.142857143
25,2,2,NA,3,"10,11",6,8,5,1,"1,11",Demisexual,2,NA,2,NA,1,1,1,1,2,2,1,1,1,1,2,1,1,1,3,2,5,2,6,4,6,3,5,4,5,4,6,6,6,2,2,1,1,1,4,1,1,2,1,6,10,24,18,20,20,36,10.35714286
16,2,1,11,NA,12,6,6,5,1,1,NA,2,NA,2,NA,6,5,6,4,6,3,6,4,3,1,2,2,6,4,4,2,6,6,6,5,6,5,6,4,6,5,6,6,6,1,2,1,30,24,18,24,3,4,24,8,36,30,30,24,30,36,22.92857143
22,2,2,NA,6,10,6,8,5,1,"3,6,7,10",NA,"1,5",NA,2,NA,5,1,2,1,5,5,4,2,1,1,5,4,1,2,6,6,6,6,6,6,5,6,6,6,2,1,5,4,6,2,5,2,5,2,25,8,1,20,2,36,36,36,30,36,2,20,18.5
16,2,1,11,NA,10,6,2,5,1,10,NA,"2,5",NA,1,NA,6,4,5,4,3,3,6,5,5,5,6,6,6,6,4,2,6,6,6,6,4,5,6,6,2,2,4,3,6,1,4,2,24,20,9,30,25,36,36,8,36,36,20,36,4,12,23.71428571
16,2,1,11,NA,7,7,8,6,3,9,NA,2,NA,2,NA,1,1,1,1,1,1,1,1,1,1,1,1,1,1,1,1,1,1,1,1,1,1,1,1,1,1,1,1,7,2,2,3,1,1,1,1,1,1,1,1,1,1,1,1,1,1,1
23,3,2,NA,3,12,6,8,4,1,"7,11",Demisexual panromantic,2,NA,2,NA,1,1,1,1,3,3,2,2,1,1,1,1,1,1,1,1,4,2,5,4,1,1,1,1,1,1,1,1,6,2,2,4,1,1,9,4,1,1,1,1,8,20,1,1,1,1,3.642857143
16,2,1,10,NA,9,1,7,6,3,4,NA,1,NA,2,NA,5,6,5,5,6,5,6,6,4,5,4,5,5,6,6,6,6,6,5,4,6,4,6,5,5,5,5,6,1,3,5,1,30,25,30,36,20,20,30,36,36,20,24,30,25,30,28
16,2,1,11,NA,10,6,8,4,1,2,NA,2,NA,2,NA,3,3,2,2,2,2,3,3,1,1,2,2,2,2,3,3,4,5,5,5,3,3,4,4,3,2,2,2,6,2,2,1,9,4,4,9,1,4,4,9,20,25,9,16,6,4,8.857142857
18,2,2,NA,4,10,6,8,5,2,7,NA,3,NA,2,NA,3,4,4,2,2,3,5,5,2,3,6,6,2,2,5,5,2,2,1,5,1,1,3,6,1,3,6,5,6,2,3,4,12,8,6,25,6,36,4,25,4,5,1,18,3,30,13.07142857
17,1,2,NA,7,6,2,8,5,2,9,NA,3,NA,2,NA,1,1,1,1,1,1,1,1,1,1,1,1,1,1,2,2,6,5,6,5,6,5,6,6,6,2,6,4,2,2,3,3,1,1,1,1,1,1,1,4,30,30,30,36,12,24,12.35714286
18,3,2,NA,6,"3,10",6,8,5,3,7,NA,4,NA,2,NA,2,1,2,2,1,1,2,3,2,1,3,3,2,2,3,2,5,4,5,4,4,4,6,4,4,3,4,4,6,2,3,4,2,4,1,6,2,9,4,6,20,20,16,24,12,16,10.14285714
25,1,2,NA,2,10,6,8,5,2,"2,6",NA,2,NA,2,NA,5,2,2,2,5,2,5,2,4,2,4,2,4,2,4,2,2,2,4,3,3,2,3,2,4,2,5,3,6,2,2,2,10,4,10,10,8,8,8,8,4,12,6,6,8,15,8.357142857
17,2,1,12,NA,"10,11,12",6,8,5,2,"3,4",NA,1,NA,1,NA,4,5,5,5,6,6,4,3,2,2,6,6,4,2,6,6,6,5,6,5,6,6,6,6,5,5,4,6,6,2,1,1,20,25,36,12,4,36,8,36,30,30,36,36,25,24,25.57142857
24,2,2,NA,"1,6",10,6,8,5,1,"2,6,7",NA,1,NA,1,NA,1,2,1,1,3,2,2,2,2,1,4,2,1,1,2,2,1,1,1,1,1,1,3,3,3,2,5,5,6,2,1,2,2,1,6,4,2,8,1,4,1,1,1,9,6,25,5.071428571
17,2,1,12,NA,10,6,6,5,1,6,NA,1,NA,1,NA,1,2,1,1,1,2,3,2,1,1,1,2,1,2,1,1,4,3,3,3,2,2,1,1,2,2,1,4,6,1,1,2,2,1,2,6,1,2,2,1,12,9,4,1,4,4,3.642857143
17,1,1,12,NA,"10,11,12",6,8,5,1,"6,7,8,9,10",NA,"2,3,4,5",NA,1,NA,1,1,1,1,2,2,1,1,1,1,2,2,1,1,1,1,5,5,6,6,5,5,5,5,3,3,5,5,6,2,4,2,1,1,4,1,1,4,1,1,25,36,25,25,9,25,11.35714286
23,2,2,NA,1,"10,11",6,8,5,3,"2,6,10",NA,"4,5",NA,1,NA,2,2,1,3,2,2,1,4,1,1,2,2,1,2,1,1,5,6,5,5,4,5,1,3,2,1,1,2,6,2,3,2,4,3,4,4,1,4,2,1,30,25,20,3,2,2,7.5
16,3,1,11,NA,10,6,8,5,2,"9,11",Panromantic,3,NA,2,NA,4,6,2,5,6,5,4,3,2,4,4,5,3,2,3,2,6,3,6,4,4,3,2,6,6,6,4,4,6,2,3,3,24,10,30,12,8,20,6,6,18,24,12,12,36,16,16.71428571
16,2,1,11,NA,"6,10","2,6",7,6,1,9,NA,3,NA,2,NA,3,5,2,1,6,6,3,1,1,1,3,5,1,2,1,1,4,6,4,6,3,6,4,6,4,5,6,6,9,3,3,3,15,2,36,3,1,15,2,1,24,24,18,24,20,36,15.78571429
16,1,1,11,NA,"10,12",6,2,4,1,"6,7",NA,2,NA,2,NA,3,4,3,2,4,3,4,2,5,3,6,6,4,2,4,3,6,6,6,6,6,6,3,5,3,3,5,5,6,1,2,2,12,6,12,8,15,36,8,12,36,36,36,15,9,25,19
24,1,2,NA,3,"7,10,12","4,6",8,5,2,"6,10",NA,2,NA,2,NA,2,1,3,2,1,1,2,2,1,1,1,1,1,1,1,1,4,3,5,4,5,3,3,4,4,3,5,5,9,2,2,2,2,6,1,4,1,1,1,1,12,20,15,12,12,25,8.071428571
16,2,1,10,1,10,6,8,5,2,3,NA,"3,4",NA,1,NA,5,3,4,6,4,4,4,3,1,1,1,6,2,3,1,2,5,6,4,5,2,4,2,3,3,2,1,5,6,2,3,1,15,24,16,12,1,6,6,2,30,20,8,6,6,5,11.21428571
22,2,2,NA,1,"10,12",6,8,4,1,"4,6",NA,2,NA,2,NA,2,1,1,2,3,1,3,3,1,2,3,1,2,1,1,1,6,4,6,4,3,4,3,1,3,2,4,2,6,2,2,2,2,2,3,9,2,3,2,1,24,24,12,3,6,8,7.214285714
16,1,1,10,NA,10,6,8,5,2,3,NA,1,NA,1,NA,5,4,2,3,4,2,5,4,4,5,6,4,5,3,4,4,6,4,6,4,5,4,4,6,4,5,6,6,6,2,1,1,20,6,8,20,20,24,15,16,24,24,20,24,20,36,19.78571429
24,3,2,NA,2,"10,12",6,2,5,2,6,NA,1,NA,1,NA,1,1,1,1,1,1,1,1,1,1,3,2,1,1,2,1,6,4,6,6,5,4,1,1,1,1,1,1,6,1,1,2,1,1,1,1,1,6,1,2,24,36,20,1,1,1,6.928571429
17,3,1,12,NA,10,6,8,4,1,"1,7,9",NA,"2,3",NA,2,NA,6,2,4,2,5,3,6,5,2,1,3,3,2,1,6,5,6,6,6,6,5,5,4,2,6,4,6,5,6,2,3,3,12,8,15,30,2,9,2,30,36,36,25,8,24,30,19.07142857
16,2,1,11,NA,"10,12",6,8,5,1,"2,7,8,9",NA,"3,5",NA,2,NA,5,4,3,3,3,4,4,3,2,3,6,6,4,6,4,4,6,2,6,5,5,3,6,5,6,6,6,6,6,2,3,3,20,9,12,12,6,36,24,16,12,30,15,30,36,36,21
17,3,1,12,NA,10,6,8,5,1,6,NA,"2,6",I use any pronouns even though I mostly align with being a woman,2,NA,2,1,1,1,2,2,2,2,1,1,1,1,1,1,3,2,5,3,6,3,5,3,4,3,4,3,5,5,6,2,NA,2,2,1,4,4,1,1,1,6,15,18,15,12,12,25,8.357142857
16,2,1,11,NA,10,6,8,5,2,"6,8",NA,2,NA,2,NA,1,1,2,1,1,1,2,1,1,1,2,2,1,1,3,3,5,1,2,1,3,1,3,3,3,4,5,6,6,2,2,2,1,2,1,2,1,4,1,9,5,2,3,9,12,30,5.857142857
17,3,1,12,NA,"10,12",6,8,4,2,6,NA,2,NA,2,NA,1,1,1,1,1,1,2,2,2,2,2,4,1,1,1,1,4,2,5,4,4,3,1,1,2,2,4,4,6,2,2,2,1,1,1,4,4,8,1,1,8,20,12,1,4,16,5.857142857
20,1,2,NA,1,"7,10,12",6,8,5,3,"1,2,7",NA,2,NA,2,NA,2,3,3,2,5,4,2,1,1,1,6,6,1,2,6,6,6,6,6,6,5,3,6,5,5,6,6,6,6,2,2,1,6,6,20,2,1,36,2,36,36,36,15,30,30,36,20.85714286
17,2,1,12,NA,"10,11,12",6,8,5,1,"2,7,9",NA,3,NA,2,NA,4,3,4,3,5,4,5,3,6,4,5,4,3,2,5,4,6,4,6,6,5,4,6,5,5,3,6,5,6,2,3,3,12,12,20,15,24,20,6,20,24,36,20,30,15,30,20.28571429
19,2,2,NA,8,10,6,4,4,1,"1,2,9",NA,"3,4,6",agender,5,NA,3,1,2,1,4,1,1,1,1,1,6,3,1,1,1,1,6,6,4,6,6,6,6,6,1,1,3,1,6,1,3,3,3,2,4,1,1,18,1,1,36,24,36,36,1,3,11.92857143
23,2,2,NA,1,10,6,8,5,3,6,NA,"1,3,5",NA,2,NA,1,2,1,2,4,3,2,1,1,1,3,2,1,1,2,3,5,5,4,4,3,3,3,3,1,1,2,3,6,2,5,2,2,2,12,2,1,6,1,6,25,16,9,9,1,6,7
17,2,1,11,NA,"10,12",6,8,5,1,3,NA,1,NA,1,NA,4,2,5,3,4,4,5,4,1,1,6,6,3,2,5,5,6,6,6,6,6,6,5,3,3,2,5,4,6,2,1,1,8,15,16,20,1,36,6,25,36,36,36,15,6,20,19.71428571
16,2,1,11,NA,10,6,7,5,2,"2,7,10",NA,"3,6",Queer,2,NA,3,3,2,2,5,4,4,4,3,2,6,4,2,2,5,3,6,6,5,6,5,6,5,6,2,4,5,6,6,3,3,2,9,4,20,16,6,24,4,15,36,30,30,30,8,30,18.71428571
17,2,1,12,7,10,7,8,5,3,"2,6,10",NA,2,NA,2,NA,1,1,3,2,2,1,4,3,2,1,2,1,2,1,2,1,6,6,6,6,6,6,6,6,5,4,6,6,7,2,2,2,1,6,2,12,2,2,2,2,36,36,36,36,20,36,16.35714286
19,1,2,NA,"1,6","10,16",6,8,5,2,10,NA,"1,5",NA,2,NA,2,1,3,3,5,4,2,3,2,3,5,4,1,2,5,5,6,2,4,5,4,2,5,5,4,4,4,4,6,2,5,2,2,9,20,6,6,20,2,25,12,20,8,25,16,16,13.35714286
16,2,1,11,NA,10,6,8,4,1,"4,6,8",NA,"1,2,5,6",Bigender,2,NA,2,3,1,1,5,3,3,2,1,1,5,4,1,2,5,3,6,4,5,4,4,4,4,5,2,3,5,5,6,2,3,2,6,1,15,6,1,20,2,15,24,20,16,20,6,25,12.64285714
16,2,1,11,NA,16,6,8,5,1,"2,6,7,8",NA,"2,6",Questioning,2,NA,1,1,1,1,3,2,1,1,1,1,1,1,1,1,1,1,4,1,2,1,1,1,1,1,2,2,3,2,6,2,3,2,1,1,6,1,1,1,1,1,4,2,1,1,4,6,2.214285714
17,3,1,12,NA,10,6,8,5,2,1,NA,2,NA,2,NA,2,2,1,1,1,1,3,3,1,1,1,1,1,1,2,2,3,3,4,3,3,3,5,5,2,2,5,6,6,2,2,1,4,1,1,9,1,1,1,4,9,12,9,25,4,30,7.928571429
21,2,2,NA,"1,6",8,2,8,5,1,"6,10",NA,1,NA,1,NA,5,2,2,1,2,1,4,3,1,1,6,5,3,3,4,2,6,4,6,5,6,5,6,6,5,3,6,5,2,2,1,2,10,2,2,12,1,30,9,8,24,30,30,36,15,30,17.07142857
17,2,1,12,NA,"10,12",6,8,5,2,9,NA,2,NA,2,NA,1,1,1,1,1,1,2,1,1,1,1,1,1,1,1,1,2,1,2,2,2,1,NA,NA,NA,NA,NA,NA,6,2,2,3,1,1,1,2,1,1,1,1,2,4,2,NA,NA,NA,NA
16,2,1,11,NA,10,6,8,5,1,10,NA,3,NA,2,NA,4,2,1,1,2,1,2,1,1,1,1,1,2,2,3,2,6,6,6,6,6,6,3,5,3,3,5,6,6,2,3,2,8,1,2,2,1,1,4,6,36,36,36,15,9,30,13.35714286
21,1,2,NA,2,12,6,8,5,2,6,NA,1,NA,1,NA,1,1,1,1,3,2,1,1,1,1,1,1,1,1,1,2,5,3,3,3,1,1,2,2,1,1,3,4,6,2,1,2,1,1,6,1,1,1,1,2,15,9,1,4,1,12,4
16,1,1,11,NA,"10,13","5,6",8,4,1,"3,7,8,9,11",Omniromantic,"1,3,5",NA,2,NA,5,6,5,6,6,6,6,6,3,4,5,6,2,3,6,6,6,6,6,6,4,5,6,6,5,5,6,6,9,2,5,3,30,30,36,36,12,30,6,36,36,36,20,36,25,36,28.92857143
23,2,2,NA,3,10,6,8,5,1,"6,7",NA,"2,3",NA,2,NA,3,2,4,2,5,3,5,2,1,1,6,6,2,1,6,6,6,6,6,6,6,6,5,6,5,5,6,6,6,2,3,2,6,8,15,10,1,36,2,36,36,36,36,30,25,36,22.35714286
19,2,2,NA,"1,6","10,12",6,2,4,1,6,NA,"1,5",NA,2,NA,3,2,1,1,4,3,4,3,1,1,5,4,2,2,5,4,5,4,5,4,2,2,3,2,2,1,4,4,6,1,5,2,6,1,12,12,1,20,4,20,20,20,4,6,2,16,10.28571429
17,2,1,11,NA,10,6,8,5,2,"1,2,3,7",NA,2,NA,2,NA,2,1,1,2,2,2,3,2,3,3,2,2,2,1,3,2,5,2,5,4,4,2,5,5,6,5,5,4,6,2,2,1,2,2,4,6,9,4,2,6,10,20,8,25,30,20,10.57142857
17,2,1,12,NA,10,6,8,5,1,"6,7,10,11","Omnisexual, demisexual","3,4,5,6","Agender, genderfaun",2,NA,6,2,5,4,4,3,6,5,4,3,6,4,3,1,4,3,6,3,6,5,5,3,4,3,5,3,6,5,6,2,3,2,12,20,12,30,12,24,3,12,18,30,15,12,15,30,17.5
22,2,2,NA,3,10,6,8,6,3,"2,9",NA,3,NA,2,NA,1,1,1,1,1,1,1,1,1,1,1,1,1,1,1,1,1,1,4,2,1,1,1,1,3,1,2,1,6,2,3,3,1,1,1,1,1,1,1,1,1,8,1,1,3,2,1.714285714
17,2,1,11,NA,10,6,2,5,2,"3,8",NA,1,NA,1,NA,2,2,1,1,1,1,1,1,1,1,2,2,1,1,1,1,6,4,3,3,2,2,2,2,1,1,1,1,6,1,1,1,4,1,1,1,1,4,1,1,24,9,4,4,1,1,4.071428571
17,3,1,12,NA,10,6,8,5,2,3,NA,1,NA,1,NA,2,1,3,2,1,1,2,2,1,1,3,4,1,1,3,3,4,4,4,5,4,4,3,3,2,1,1,1,6,2,1,1,2,6,1,4,1,12,1,9,16,20,16,9,2,1,7.142857143
16,2,1,11,NA,12,6,8,5,1,"1,2,7",NA,2,NA,2,NA,3,4,5,3,5,5,5,5,2,2,6,5,2,1,6,5,6,5,6,4,5,4,6,6,6,6,6,6,6,2,2,1,12,15,25,25,4,30,2,30,30,24,20,36,36,36,23.21428571
20,2,2,NA,4,10,6,2,4,1,6,NA,2,NA,2,NA,1,1,1,1,1,1,1,1,1,1,1,1,1,1,1,1,5,6,6,5,5,5,NA,NA,1,1,1,1,6,1,2,2,1,1,1,1,1,1,1,1,30,30,25,NA,1,1,NA
17,2,1,12,NA,10,6,8,4,1,"4,7",NA,1,NA,2,NA,4,4,3,2,5,5,3,3,2,2,4,3,2,1,5,5,3,1,5,4,2,1,2,3,3,2,4,4,6,2,5,1,16,6,25,9,4,12,2,25,3,20,2,6,6,16,10.85714286
25,2,2,NA,1,"10,12",6,8,5,1,"3,4",NA,"1,5",NA,2,NA,2,1,2,2,3,2,4,2,4,2,5,3,2,1,4,2,6,3,5,4,3,2,1,1,4,2,5,4,6,2,5,1,2,4,6,8,8,15,2,8,18,20,6,1,8,20,9
17,1,1,12,NA,"2,12",6,8,5,2,6,NA,2,NA,2,NA,1,1,1,1,2,1,1,2,1,1,1,1,1,1,1,1,6,6,5,5,6,6,6,6,2,2,1,3,6,2,2,2,1,1,2,2,1,1,1,1,36,25,36,36,4,3,10.71428571
17,1,1,11,NA,8,2,8,5,2,"4,7,8,11",Aromantic,1,NA,2,NA,3,2,1,2,1,1,3,3,1,1,4,4,2,3,1,1,6,6,4,5,3,3,1,1,1,1,2,3,2,2,5,1,6,2,1,9,1,16,6,1,36,20,9,1,1,6,8.214285714
22,2,2,NA,7,"10,12",6,8,4,1,1,NA,"2,5",NA,1,NA,2,1,3,2,4,2,2,1,1,1,4,2,1,1,1,1,6,5,5,4,5,5,4,3,3,2,6,4,6,2,4,1,2,6,8,2,1,8,1,1,30,20,25,12,6,24,10.42857143
17,2,1,12,NA,10,6,8,4,1,"2,9,11",Polysexual,3,NA,2,NA,5,2,4,2,6,3,2,2,1,1,4,1,5,1,6,2,6,3,6,3,4,2,2,1,1,1,3,4,6,2,3,3,10,8,18,4,1,4,5,12,18,18,8,2,1,12,8.642857143
17,3,2,NA,4,10,6,8,6,1,"1,7,9",NA,2,NA,2,NA,6,3,6,3,6,2,4,2,4,2,1,5,3,2,4,3,6,3,6,3,6,1,4,4,3,2,6,4,6,2,2,3,18,18,12,8,8,5,6,12,18,18,6,16,6,24,12.5
17,2,2,NA,4,10,6,6,4,2,"4,7",NA,"1,3,4,5",NA,2,NA,1,2,1,1,6,3,2,1,1,1,4,4,1,1,4,4,6,6,6,6,4,6,6,2,2,2,3,3,6,1,5,1,2,1,18,2,1,16,1,16,36,36,24,12,4,9,12.71428571
25,2,2,NA,7,10,6,8,4,2,"7,9,10",NA,"3,4",NA,2,NA,1,1,1,1,3,2,1,1,1,1,1,1,1,1,4,3,5,2,5,3,2,3,3,2,2,2,1,1,6,2,3,2,1,1,6,1,1,1,1,12,10,15,6,6,4,1,4.714285714
17,1,1,12,NA,7,2,1,5,2,6,NA,2,NA,2,NA,1,1,3,2,1,1,1,2,1,1,1,2,1,1,1,1,6,6,6,6,6,6,6,6,5,5,1,6,2,1,2,2,1,6,1,2,1,2,1,1,36,36,36,36,25,6,13.57142857
25,2,2,NA,7,6,2,8,6,1,"6,7,10",NA,"2,4",NA,2,NA,1,2,2,1,4,4,3,3,1,2,2,1,1,1,2,2,5,5,5,4,5,4,3,3,4,3,5,4,2,2,3,2,2,2,16,9,2,2,1,4,25,20,20,9,12,20,10.28571429
17,2,2,NA,7,10,6,8,4,1,"2,11",Omnisexual,"3,6",Agender,2,NA,4,5,6,5,4,4,4,6,2,1,3,5,2,2,4,6,6,4,6,6,5,5,6,4,2,2,3,6,6,2,3,1,20,30,16,24,2,15,4,24,24,36,25,24,4,18,19
22,2,2,NA,6,"10,16",6,8,5,3,"7,10",NA,"3,6",Genderqueer,2,NA,2,2,1,2,2,3,3,3,2,2,4,2,1,2,2,4,6,4,6,4,3,2,6,5,3,4,2,5,6,2,3,2,4,2,6,9,4,8,2,8,24,24,6,30,12,10,10.64285714
16,2,1,11,NA,10,6,8,4,1,2,NA,3,NA,2,NA,2,1,4,2,2,1,1,1,2,1,1,1,1,1,3,2,1,1,4,3,1,1,1,1,2,3,1,4,6,2,3,1,2,8,2,1,2,1,1,6,1,12,1,1,6,4,3.428571429
17,2,1,11,NA,10,6,8,4,1,"6,7,8,9,11",aegosexual / demisexual / cupiosexual,"3,4,6",alexigender / genderfloren,2,NA,2,1,2,1,2,1,2,1,2,1,1,1,2,1,2,1,6,5,6,5,4,3,4,3,3,2,5,5,6,2,3,2,2,2,2,2,2,1,2,2,30,30,12,12,6,25,9.285714286
16,3,1,12,4,"10,11",6,8,5,1,"2,6,7",NA,"3,5",NA,2,NA,2,1,2,1,2,1,2,1,2,1,3,2,1,1,1,1,5,4,4,3,6,4,2,1,3,2,3,2,6,2,3,2,2,2,2,2,2,6,1,1,20,12,24,2,6,6,6.285714286
16,2,1,11,NA,"6,10,11,12","2,6",8,5,1,"4,7,9",NA,"1,5",NA,2,NA,1,1,1,1,1,1,2,2,1,1,1,1,1,1,1,1,5,5,5,6,5,4,6,5,5,4,5,4,9,2,5,3,1,1,1,4,1,1,1,1,25,30,20,30,20,20,11.14285714
16,2,1,11,NA,"6,8",2,8,5,1,6,NA,1,NA,1,NA,3,1,4,1,1,1,3,3,2,2,2,1,2,1,2,1,5,1,5,3,3,2,5,3,3,3,6,6,2,2,1,2,3,4,1,9,4,2,2,2,5,15,6,15,9,36,8.071428571
17,1,1,11,NA,6,"2,6",8,5,2,6,NA,4,NA,2,NA,2,1,2,1,1,1,1,1,1,2,1,1,1,1,1,1,6,6,6,6,6,6,3,3,4,4,4,4,9,2,3,2,2,2,1,1,2,1,1,1,36,36,36,9,16,16,11.42857143
16,3,1,12,NA,7,4,7,5,2,6,NA,2,NA,2,NA,2,1,1,1,1,1,2,1,1,1,1,1,1,1,1,1,5,2,5,3,5,3,2,4,6,5,4,4,4,3,2,2,2,1,1,2,1,1,1,1,10,15,15,8,30,16,7.428571429
17,2,1,11,NA,10,6,8,5,2,6,NA,1,NA,1,NA,3,3,1,2,1,2,1,1,2,1,4,5,1,1,4,3,5,4,3,2,2,1,4,4,1,1,3,3,6,2,1,2,9,2,2,1,2,20,1,12,20,6,2,16,1,9,7.357142857
21,2,2,NA,6,12,6,2,5,2,"4,6",NA,1,NA,1,NA,1,1,1,1,1,1,1,1,1,1,1,1,1,1,1,1,4,2,4,2,1,1,1,1,3,2,5,5,6,1,1,2,1,1,1,1,1,1,1,1,8,8,1,1,6,25,4.071428571
16,1,1,11,NA,6,2,8,5,2,10,NA,"2,3,4",NA,2,NA,1,1,1,1,3,2,2,2,1,1,1,1,1,1,1,2,6,6,6,6,6,6,4,5,3,3,4,5,2,2,3,2,1,1,6,4,1,1,1,2,36,36,36,20,9,20,12.42857143
17,2,1,11,NA,12,6,6,6,1,11,Nomasexual,6,Paragirl,1,NA,5,1,4,5,4,3,6,4,3,1,1,1,6,1,6,4,6,6,2,4,6,6,6,5,2,1,5,6,6,1,4,2,5,20,12,24,3,1,6,24,36,8,36,30,2,30,16.92857143
20,2,2,NA,"1,6",10,6,8,5,2,3,NA,1,NA,1,NA,2,1,3,2,3,3,2,3,2,1,4,4,2,3,3,2,6,5,5,3,3,2,2,1,1,2,2,4,6,2,1,1,2,6,9,6,2,16,6,6,30,15,6,2,2,8,8.285714286
18,2,1,12,NA,10,6,6,5,1,"2,7,8",NA,2,NA,2,NA,6,5,5,4,5,3,5,5,5,5,4,5,5,4,5,5,6,2,3,4,6,4,5,6,6,6,6,6,6,1,2,1,30,20,15,25,25,20,20,25,12,12,24,30,36,36,23.57142857
16,1,1,11,NA,2,3,8,5,2,"1,9",NA,3,NA,2,NA,3,2,1,1,3,2,4,2,2,2,3,2,1,1,2,2,6,4,6,4,6,5,6,6,5,4,5,5,3,2,3,3,6,1,6,8,4,6,1,4,24,24,30,36,20,25,13.92857143
24,3,2,NA,3,16,6,8,4,1,10,NA,3,NA,2,NA,1,1,1,1,1,1,1,1,1,1,1,1,1,1,1,1,5,3,6,3,3,2,4,3,5,3,5,4,6,2,3,2,1,1,1,1,1,1,1,1,15,18,6,12,15,20,6.714285714
17,2,1,11,NA,10,6,8,4,1,"1,2",NA,2,NA,2,NA,4,4,4,3,3,4,4,4,5,6,5,4,3,3,6,5,6,6,4,5,5,6,6,6,3,3,6,6,6,2,2,1,16,12,12,16,30,20,9,30,36,20,30,36,9,36,22.28571429
26,3,2,NA,3,10,6,8,4,1,"1,2,3",NA,2,NA,2,NA,4,3,NA,2,3,2,2,2,2,2,3,2,2,2,3,2,4,2,4,3,2,2,4,3,4,3,3,4,6,2,2,1,12,NA,6,4,4,6,4,6,8,12,4,12,12,12,NA
17,2,1,12,NA,11,6,8,5,1,3,NA,1,NA,2,NA,3,2,3,2,2,3,3,3,2,1,4,4,2,1,4,5,5,4,5,4,4,4,3,3,6,4,6,4,6,2,5,1,6,6,6,9,2,16,2,20,20,20,16,9,24,24,12.85714286
16,2,1,10,NA,10,6,8,4,3,6,NA,1,NA,1,NA,1,1,1,2,2,2,1,2,1,1,1,2,1,2,1,2,5,5,5,5,2,2,3,3,4,4,3,3,6,2,1,2,1,2,4,2,1,2,2,2,25,25,4,9,16,9,7.428571429
24,2,2,NA,3,10,6,8,4,1,7,NA,"3,5",NA,2,NA,5,3,5,3,6,5,6,5,3,3,6,6,3,3,6,5,6,6,6,6,6,6,6,6,4,3,6,6,6,2,3,4,15,15,30,30,9,36,9,30,36,36,36,36,12,36,26.14285714
16,3,1,11,NA,17,6,8,5,2,"7,10",NA,"3,6",non binary/other/questioning but not cis,2,NA,2,1,1,1,1,1,1,1,3,2,1,1,1,1,4,1,1,1,1,2,2,2,1,1,1,1,1,1,6,2,3,2,2,1,1,1,6,1,1,4,1,2,4,1,1,1,1.928571429
16,2,1,11,NA,"10,12",6,8,5,1,9,NA,2,NA,2,NA,1,1,1,1,1,1,2,4,1,1,1,1,1,1,1,2,1,1,2,1,1,1,1,1,1,1,1,1,6,2,2,3,1,1,1,8,1,1,1,2,1,2,1,1,1,1,1.642857143
16,2,1,11,4,10,6,8,5,1,7,NA,"1,3,5,6",demiboy,2,NA,3,3,5,5,4,3,2,3,1,2,4,3,2,2,4,2,5,4,4,3,4,4,5,4,4,3,4,4,6,2,5,4,9,25,12,6,2,12,4,8,20,12,16,20,12,16,12.42857143
16,2,2,NA,4,11,6,2,5,2,"8,9",NA,2,NA,2,NA,1,2,1,1,1,1,1,1,1,1,1,1,1,1,1,1,3,3,5,6,6,6,1,1,1,1,1,1,6,1,2,3,2,1,1,1,1,1,1,1,9,30,36,1,1,1,6.214285714
18,2,2,NA,6,10,6,8,5,1,1,NA,2,NA,2,NA,1,1,1,1,1,1,1,1,1,1,1,1,1,1,2,1,4,5,4,5,3,3,1,1,2,1,2,2,6,2,2,1,1,1,1,1,1,1,1,2,20,20,9,1,2,4,4.642857143
16,1,1,11,NA,9,1,8,4,1,"9,10",NA,"3,4",NA,2,NA,4,3,5,3,1,1,4,4,5,5,3,2,2,3,3,2,5,5,5,4,6,6,4,4,5,4,2,4,1,2,3,2,12,15,1,16,25,6,6,6,25,20,36,16,20,8,15.14285714
16,2,1,11,NA,10,6,8,5,1,"2,3,7,9,11",Unlabeled,"3,5",NA,2,NA,5,3,1,1,2,1,4,4,1,2,4,3,1,1,3,2,5,4,4,4,3,3,2,2,2,2,5,5,6,2,3,3,15,1,2,16,2,12,1,6,20,16,9,4,4,25,9.5
17,1,1,12,NA,10,6,7,6,1,9,NA,6,Agender,2,NA,1,1,1,1,1,1,2,2,1,1,1,1,1,1,1,1,3,2,3,2,4,2,NA,NA,NA,NA,NA,NA,6,3,3,3,1,1,1,4,1,1,1,1,6,6,8,NA,NA,NA,NA
17,1,1,12,NA,10,6,2,5,1,"7,9",NA,"3,4,5",NA,2,NA,3,1,4,2,5,2,4,3,4,3,4,3,2,2,5,5,6,6,6,5,6,5,4,3,5,5,6,6,6,1,3,3,3,8,10,12,12,12,4,25,36,30,30,12,25,36,18.21428571
17,2,1,11,NA,12,6,7,5,1,"2,6,7",NA,"3,5",NA,2,NA,4,3,3,1,5,4,3,2,2,1,4,3,2,1,5,4,5,4,6,5,5,4,5,4,4,3,5,4,6,3,3,2,12,3,20,6,2,12,2,20,20,30,20,20,12,20,14.21428571
22,2,2,NA,"1,6","10,12",6,8,5,3,"3,4,7",NA,"3,4,5",NA,1,NA,4,3,3,3,5,5,4,4,2,2,6,5,3,3,3,4,4,5,5,4,4,4,4,5,5,5,5,6,6,2,3,1,12,9,25,16,4,30,9,12,20,20,16,20,25,30,17.71428571
17,2,1,NA,NA,"10,12",6,6,4,1,"6,9,11",Aceflux,"2,5",NA,1,NA,2,2,2,2,4,4,3,3,1,2,4,3,3,3,2,2,4,4,5,5,3,3,4,3,3,3,4,4,6,1,4,2,4,4,16,9,2,12,9,4,16,25,9,12,9,16,10.5
16,2,1,11,NA,10,6,8,5,1,"2,11",Demi-sexual,2,NA,2,NA,2,2,2,1,3,2,2,2,2,2,4,2,1,1,2,2,1,2,2,2,2,2,4,3,4,3,4,4,6,2,2,1,4,2,6,4,4,8,1,4,2,4,4,12,12,16,5.928571429
17,2,1,12,NA,"9,10","1,6",8,4,1,"9,10,11",Pansexual/panromatic as I'm asexual,4,NA,2,NA,4,2,2,1,5,2,1,3,1,1,6,4,2,1,4,3,6,4,6,5,5,4,3,4,4,3,6,6,9,2,3,2,8,2,10,3,1,24,2,12,24,30,20,12,12,36,14
24,1,2,NA,1,1,6,2,5,2,4,NA,2,NA,2,NA,4,3,6,3,6,4,6,5,3,2,2,2,6,3,6,2,1,5,3,2,2,2,3,1,1,1,4,2,6,1,2,1,12,18,24,30,6,4,18,12,5,6,4,3,1,8,10.78571429
16,1,1,11,NA,10,6,8,5,2,"6,9,11",Aromantic,1,NA,1,NA,1,1,1,1,3,2,2,1,1,1,3,2,1,1,2,1,3,2,3,2,3,2,3,2,2,1,4,3,6,2,1,2,1,1,6,2,1,6,1,2,6,6,6,6,2,12,4.142857143
23,1,2,NA,3,10,6,8,4,1,7,NA,"3,5",NA,2,NA,2,1,2,2,2,2,2,2,1,2,1,1,1,1,2,2,6,6,6,6,6,6,6,6,4,4,6,6,6,2,3,4,2,4,4,4,2,1,1,4,36,36,36,36,16,36,15.57142857
17,1,1,12,NA,"10,12",6,7,5,2,6,NA,"1,5",NA,2,NA,2,1,2,1,4,3,2,2,1,1,3,3,1,1,1,1,4,2,6,5,5,2,3,4,3,3,6,6,6,3,5,2,2,2,12,4,1,9,1,1,8,30,10,12,9,36,9.785714286
21,2,2,NA,6,12,6,6,4,1,10,NA,4,NA,2,NA,3,2,3,2,4,5,3,3,1,1,3,2,2,2,1,1,6,4,6,4,6,6,3,3,3,3,2,5,6,1,3,2,6,6,20,9,1,6,4,1,24,24,36,9,9,10,11.78571429
17,3,1,12,NA,10,6,2,5,2,"2,8",NA,2,NA,2,NA,5,3,3,3,4,2,6,4,4,2,3,4,2,1,4,2,6,4,3,3,2,3,5,3,5,4,6,4,6,1,2,1,15,9,8,24,8,12,2,8,24,9,6,15,20,24,13.14285714
20,3,2,NA,1,10,6,8,4,1,7,NA,"4,5",NA,2,NA,2,1,3,2,4,2,2,2,1,2,4,2,1,1,2,2,5,3,1,1,4,3,2,2,1,1,3,3,6,2,3,4,2,6,8,4,2,8,1,4,15,1,12,4,1,9,5.5
16,2,1,11,NA,"10,11,12",6,2,6,1,"6,8,9",NA,"3,4",NA,2,NA,2,1,2,1,3,2,2,3,1,1,1,1,1,1,3,2,4,3,4,3,5,4,3,3,2,2,3,2,6,1,3,2,2,2,6,6,1,1,1,6,12,12,20,9,4,6,6.285714286
16,2,1,11,NA,7,4,8,5,2,10,NA,"1,3,5",NA,2,NA,4,2,1,1,4,3,2,2,6,5,2,2,1,1,1,1,6,6,6,6,6,6,5,5,3,4,4,3,4,2,5,2,8,1,12,4,30,4,1,1,36,36,36,25,12,12,15.57142857
25,2,2,NA,7,10,6,8,5,1,7,NA,1,NA,1,NA,5,2,4,3,2,2,5,4,4,3,6,5,5,3,5,4,6,5,6,5,5,5,5,4,4,3,5,5,6,2,1,4,10,12,4,20,12,30,15,20,30,30,25,20,12,25,18.92857143
16,1,1,11,NA,11,6,8,5,2,1,NA,2,NA,2,NA,4,3,3,2,5,4,4,3,2,2,5,5,3,2,6,5,6,6,6,6,4,4,5,4,2,2,5,4,6,2,2,1,12,6,20,12,4,25,6,30,36,36,16,20,4,20,17.64285714
20,3,2,NA,1,10,6,8,5,3,10,NA,2,NA,2,NA,1,1,1,1,2,2,2,2,1,1,1,1,1,1,2,3,5,4,3,2,2,2,3,4,2,2,2,5,6,2,2,2,1,1,4,4,1,1,1,6,20,6,4,12,4,10,5.357142857
16,1,1,11,NA,"10,12",6,8,5,1,"6,7",NA,"1,5",NA,2,NA,6,6,5,6,6,6,4,5,1,2,1,2,4,3,6,6,1,1,5,6,4,4,6,6,6,6,6,6,6,2,5,2,36,30,36,20,2,2,12,36,1,30,16,36,36,36,23.5
17,2,1,12,NA,10,6,8,5,2,3,NA,1,NA,1,NA,4,2,1,1,5,4,1,1,1,1,5,4,1,1,1,1,4,2,3,3,2,2,6,4,5,5,6,4,6,2,1,1,8,1,20,1,1,20,1,1,8,9,4,24,25,24,10.5
17,1,1,12,NA,7,NA,8,5,2,"3,8",NA,1,NA,1,NA,1,2,1,2,2,2,2,2,1,1,2,2,1,1,1,2,5,1,4,2,2,2,3,3,3,2,5,4,NA,2,1,1,2,2,4,4,1,4,1,2,5,8,4,9,6,20,5.142857143
17,2,2,NA,"4,6","7,10,12,15","2,6",7,4,1,"2,3,7,8,9,10",NA,"3,4,5",NA,2,NA,3,3,5,4,4,4,3,3,2,4,6,4,2,4,5,5,5,4,6,6,3,2,2,4,5,4,5,4,9,3,3,2,9,20,16,9,8,24,8,25,20,36,6,8,20,20,16.35714286
20,2,2,NA,"1,6",10,6,8,4,1,"1,7",NA,3,NA,2,NA,1,1,1,1,1,1,1,1,1,1,1,4,1,1,1,1,1,1,1,6,1,1,1,1,1,1,1,6,6,2,3,1,1,1,1,1,1,4,1,1,1,6,1,1,1,6,1.928571429
16,3,1,12,NA,14,6,8,5,1,1,NA,2,NA,2,NA,2,6,3,6,4,5,2,6,1,6,4,5,6,4,3,5,6,6,6,6,4,6,3,5,4,5,2,6,6,2,2,1,12,18,20,12,6,20,24,15,36,36,24,15,20,12,19.28571429
25,2,2,NA,3,12,6,2,5,2,6,NA,7,NA,2,NA,3,1,1,1,1,1,1,1,1,1,1,1,1,1,6,6,6,2,4,4,3,3,5,3,2,1,3,3,6,1,NA,2,3,1,1,1,1,1,1,36,12,16,9,15,2,9,7.714285714
16,2,1,11,NA,"10,12",6,8,4,1,"3,4,6,7,8",NA,"1,5",NA,2,NA,2,2,3,2,4,3,2,2,1,2,4,3,3,2,2,3,5,5,4,3,3,3,4,3,5,4,5,4,6,2,5,2,4,6,12,4,2,12,6,6,25,12,9,12,20,20,10.71428571
17,1,1,12,NA,10,6,8,5,2,"1,11",Aromantic (questioning),2,NA,2,NA,1,1,2,1,1,1,2,2,1,1,1,1,1,1,2,2,5,2,5,2,5,2,4,1,3,2,3,4,6,2,2,1,1,2,1,4,1,1,1,4,10,10,10,4,6,12,4.785714286
21,2,2,NA,1,10,6,8,5,1,6,NA,3,NA,2,NA,2,1,2,2,3,4,2,3,2,1,3,3,1,1,2,3,5,5,5,4,4,3,4,5,3,3,4,3,6,2,3,2,2,4,12,6,2,9,1,6,25,20,12,20,9,12,10
16,2,1,10,NA,"10,13",6,8,5,1,"6,8,9,10",NA,"3,4,5",NA,5,NA,1,3,2,3,4,3,3,2,1,1,4,4,3,2,4,4,6,5,6,6,6,6,6,6,6,6,5,6,6,2,NA,2,3,6,12,6,1,16,6,16,30,36,36,36,36,30,19.28571429
17,2,1,12,NA,10,6,8,4,1,"2,6,7",NA,"3,5",NA,2,NA,5,3,6,3,5,4,5,2,2,2,6,5,3,1,5,3,6,4,6,5,6,4,4,3,5,3,5,3,6,2,3,2,15,18,20,10,4,30,3,15,24,30,24,12,15,15,16.78571429
16,2,1,12,NA,12,6,8,5,1,1,NA,2,NA,1,NA,2,3,1,2,5,4,3,5,1,1,3,4,3,2,5,5,6,5,6,5,5,3,3,2,3,3,3,5,6,2,4,1,6,2,20,15,1,12,6,25,30,30,15,6,9,15,13.71428571
17,2,1,11,1,10,6,6,4,1,1,NA,4,NA,2,NA,4,3,3,1,6,6,4,3,2,1,6,5,5,3,6,6,5,2,3,2,5,3,6,6,5,4,6,6,6,1,3,1,12,3,36,12,2,30,15,36,10,6,15,36,20,36,19.21428571
17,2,2,NA,7,10,6,8,4,1,7,NA,5,NA,2,NA,5,5,2,3,2,1,4,3,2,2,5,5,3,2,5,6,1,1,3,2,5,3,6,5,5,4,5,5,6,2,5,4,25,6,2,12,4,25,6,30,1,6,15,30,20,25,14.78571429
16,3,1,11,NA,12,6,8,6,1,9,NA,5,NA,2,NA,5,4,3,2,4,4,4,4,4,2,5,4,4,3,4,5,6,5,5,6,6,5,5,5,3,3,5,5,6,2,5,3,20,6,16,16,8,20,12,20,30,30,30,25,9,25,19.07142857
17,2,1,12,NA,9,1,6,4,2,"4,6,8",NA,2,NA,2,NA,5,2,5,1,3,1,4,1,3,2,2,1,3,2,4,3,6,3,6,4,5,3,4,3,5,3,6,4,1,1,2,2,10,5,3,4,6,2,6,12,18,24,15,12,15,24,11.14285714
21,2,2,NA,"1,6",10,6,8,5,1,"1,2",NA,3,NA,2,NA,1,1,2,1,4,4,3,3,2,3,4,3,2,1,2,3,5,5,5,5,2,4,5,6,3,4,5,6,6,2,3,1,1,2,16,9,6,12,2,6,25,25,8,30,12,30,13.14285714
24,2,2,NA,1,10,6,8,5,1,1,NA,2,NA,2,NA,5,2,6,5,2,2,5,3,3,2,3,3,2,1,4,2,6,5,6,5,6,5,6,5,5,4,5,3,6,2,2,1,10,30,4,15,6,9,2,8,30,30,30,30,20,15,17.07142857
23,3,2,NA,3,"10,12",6,8,5,2,"2,7",NA,2,NA,2,NA,1,1,1,1,1,1,1,1,1,1,1,1,1,1,1,1,4,2,4,4,3,3,3,4,2,2,3,4,6,2,2,1,1,1,1,1,1,1,1,1,8,16,9,12,4,12,4.928571429
17,1,1,12,NA,"12,16",6,8,5,3,"6,7",NA,"1,5,6",Transmasc,2,NA,5,3,4,5,6,4,2,4,2,1,5,4,4,3,3,6,5,5,5,5,4,4,5,5,4,3,6,4,6,2,5,2,15,20,24,8,2,20,12,18,25,25,16,25,12,24,17.57142857
23,1,2,NA,"1,6",10,6,6,4,1,6,NA,"3,5",NA,2,NA,1,1,1,1,1,1,1,1,1,1,1,1,1,1,1,1,4,5,3,5,4,5,3,5,4,3,3,4,6,1,3,2,1,1,1,1,1,1,1,1,20,15,20,15,12,12,7.285714286
17,2,1,12,NA,10,"1,6",8,6,3,"2,7,8,9,11",Demiromantic,"3,5",NA,2,NA,4,3,4,2,3,3,2,3,3,1,6,4,2,1,4,2,6,5,5,5,5,4,4,4,5,3,6,5,9,2,3,3,12,8,9,6,3,24,2,8,30,25,20,16,15,30,14.85714286
21,2,2,NA,1,8,2,1,5,2,"1,11",Demi,2,NA,2,NA,2,1,2,3,2,2,3,3,1,1,1,1,1,1,2,2,6,5,6,5,6,5,4,6,3,4,1,3,2,1,2,1,2,6,4,9,1,1,1,4,30,30,30,24,12,3,11.21428571
16,2,1,11,NA,10,6,8,5,2,"2,6",NA,2,NA,2,NA,1,2,1,1,1,1,1,1,1,1,1,1,1,1,1,1,5,2,5,2,3,2,1,1,2,2,3,3,6,2,2,2,2,1,1,1,1,1,1,1,10,10,6,1,4,9,3.5
21,2,2,NA,6,"7,10,11",4,8,5,2,10,NA,4,NA,2,NA,1,1,1,1,1,1,1,2,1,2,1,1,1,1,1,1,6,6,6,5,6,5,3,4,4,4,4,4,4,2,3,2,1,1,1,2,2,1,1,1,36,30,30,12,16,16,10.71428571
16,1,1,11,NA,10,6,8,5,2,6,NA,4,NA,2,NA,2,2,1,2,3,2,2,2,1,1,4,4,1,1,2,2,6,6,5,6,6,5,3,4,3,4,4,3,6,2,3,2,4,2,6,4,1,16,1,4,36,30,30,12,12,12,12.14285714
16,2,1,11,NA,"10,11,12",6,8,5,1,10,NA,3,NA,2,NA,3,2,5,6,3,4,2,3,2,2,4,4,3,3,5,5,6,4,5,4,5,5,6,5,3,3,6,6,6,2,3,2,6,30,12,6,4,16,9,25,24,20,25,30,9,36,18
16,2,1,12,NA,"10,11,12",6,8,5,1,6,NA,2,NA,2,NA,1,2,1,2,4,3,2,2,1,1,1,1,1,1,1,1,4,3,5,4,3,2,1,1,2,3,4,3,6,2,2,2,2,2,12,4,1,1,1,1,12,20,6,1,6,12,5.785714286
16,2,1,11,NA,"10,12,16",6,8,4,1,"7,9,10",NA,"3,4",NA,2,NA,2,2,1,1,5,4,2,2,1,1,3,2,2,1,3,2,4,3,4,3,3,2,6,5,4,2,4,3,6,2,3,2,4,1,20,4,1,6,2,6,12,12,6,30,8,12,8.857142857
17,2,2,NA,7,"6,10","2,6",2,5,2,4,NA,"1,5",NA,2,NA,6,1,6,2,6,3,6,3,6,2,6,2,4,1,6,6,6,4,6,5,6,5,6,6,6,5,6,5,9,1,5,1,6,12,18,18,12,12,4,36,24,30,30,36,30,30,21.28571429
17,1,1,12,NA,"6,10,12",6,8,5,2,"1,2,3,7",NA,2,NA,2,NA,2,1,2,2,1,1,4,3,1,1,2,1,3,1,5,3,6,6,6,5,5,6,3,3,2,2,6,5,6,2,2,1,2,4,1,12,1,2,3,15,36,30,30,9,4,30,12.78571429
17,3,1,12,NA,17,6,6,5,1,2,NA,4,NA,2,NA,2,1,3,1,1,1,4,3,1,1,2,1,3,2,2,4,5,3,4,4,3,2,1,1,1,1,1,3,6,1,3,1,2,3,1,12,1,2,6,8,15,16,6,1,1,3,5.5
17,1,1,11,NA,"10,11,12",6,8,4,1,6,NA,"1,5",NA,2,NA,5,4,5,3,5,5,5,5,4,4,5,6,4,4,6,6,6,6,6,6,6,6,4,5,4,4,6,6,6,2,5,2,20,15,25,25,16,30,16,36,36,36,36,20,16,36,25.92857143
16,3,1,11,NA,10,6,8,5,2,"1,2",NA,2,NA,2,NA,2,1,1,1,3,4,2,2,2,1,3,2,2,2,3,2,5,2,4,2,4,2,4,3,4,3,5,4,6,2,2,1,2,1,12,4,2,6,4,6,10,8,8,12,12,20,7.642857143
22,2,2,NA,"1,6",10,6,8,4,1,7,NA,"1,5",NA,2,NA,4,2,2,2,6,4,4,3,1,1,6,5,3,2,6,5,5,5,6,5,3,3,3,3,1,2,5,4,6,2,5,4,8,4,24,12,1,30,6,30,25,30,9,9,2,20,15
17,2,1,12,NA,NA,6,8,5,2,"6,7",NA,"3,5,6",Genderqueer,2,NA,4,2,1,1,5,4,3,4,1,1,4,4,1,1,1,1,4,3,4,4,3,3,4,6,1,1,5,6,6,2,3,2,8,1,20,12,1,16,1,1,12,16,9,24,1,30,10.85714286
17,2,1,12,NA,10,6,8,5,3,6,NA,3,NA,1,NA,2,2,2,2,3,2,3,2,1,1,3,2,3,3,3,2,5,5,3,3,2,2,2,2,2,2,3,3,6,2,3,2,4,4,6,6,1,6,9,6,25,9,4,4,4,9,6.928571429
22,3,2,NA,7,12,6,8,5,2,"6,7,10",NA,2,NA,2,NA,1,1,1,1,1,1,1,1,1,1,1,2,1,1,2,2,4,1,5,4,4,3,1,1,1,1,2,2,6,2,2,2,1,1,1,1,1,2,1,4,4,20,12,1,1,4,3.857142857
18,1,2,NA,1,10,6,8,5,1,"1,7",NA,"2,3",NA,2,NA,2,1,1,1,1,2,3,3,1,1,1,2,1,1,2,2,2,6,3,6,3,6,4,6,1,2,2,4,6,2,3,1,2,1,2,9,1,2,1,4,12,18,18,24,2,8,7.428571429
25,1,2,NA,3,10,6,8,5,2,1,NA,2,NA,2,NA,6,6,4,6,5,6,5,5,5,5,5,5,4,4,3,4,5,5,5,5,5,5,5,5,3,3,6,6,6,2,2,1,36,24,30,25,25,25,16,12,25,25,25,25,9,36,24.14285714
17,1,1,12,NA,"6,8",6,8,5,2,"2,6,7,10",NA,2,NA,2,NA,2,2,1,1,4,3,1,3,1,2,2,4,1,1,1,1,3,4,2,2,2,3,3,3,3,3,4,4,6,2,2,2,4,1,12,3,2,8,1,1,12,4,6,9,9,16,6.285714286
17,2,1,12,NA,10,6,6,4,2,"2,6,8",NA,2,NA,2,NA,1,1,1,1,1,1,1,1,1,1,1,1,1,1,1,1,3,1,3,3,3,1,1,2,1,1,1,1,6,1,2,2,1,1,1,1,1,1,1,1,3,9,3,2,1,1,1.928571429
24,3,2,NA,3,12,6,8,5,2,"2,6",NA,"3,4",NA,1,NA,4,2,3,3,5,4,5,3,4,4,6,4,3,2,4,3,5,3,5,3,4,3,5,4,2,2,4,3,6,2,3,2,8,9,20,15,16,24,6,12,15,15,12,20,4,12,13.42857143
17,2,1,12,8,10,6,8,5,1,"6,7",NA,"2,4",NA,2,NA,1,2,1,1,2,2,1,2,1,1,2,1,1,1,3,2,6,5,6,6,6,6,5,4,2,2,2,3,6,2,3,2,2,1,4,2,1,2,1,6,30,36,36,20,4,6,10.78571429
17,2,1,11,NA,11,6,8,4,1,"4,6,7",NA,"1,5",NA,2,NA,5,4,4,2,6,6,5,4,3,1,6,6,4,2,6,5,4,2,6,3,6,3,6,4,2,1,6,6,6,2,5,2,20,8,36,20,3,36,8,30,8,18,18,24,2,36,19.07142857
20,2,2,NA,"1,6",10,6,8,5,2,"2,7",NA,"1,5",NA,2,NA,1,1,2,2,4,3,2,3,1,1,5,4,1,1,4,5,5,5,6,6,3,2,6,6,2,2,3,4,6,2,5,1,1,4,12,6,1,20,1,20,25,36,6,36,4,12,13.14285714
22,3,2,NA,1,10,6,8,5,2,6,NA,2,NA,2,NA,1,1,1,1,1,1,1,1,1,1,2,2,1,1,1,1,4,1,5,2,5,1,3,1,1,1,6,4,6,2,2,2,1,1,1,1,1,4,1,1,4,10,5,3,1,24,4.142857143
21,2,2,NA,7,10,6,6,6,1,"6,7",NA,"4,5",NA,2,NA,1,1,1,1,5,2,1,1,1,1,5,3,2,1,6,3,3,1,5,3,1,1,2,3,5,3,6,3,6,1,3,2,1,1,10,1,1,15,2,18,3,15,1,6,15,18,7.642857143
26,3,2,NA,3,10,6,6,4,1,"2,7,8,10",NA,2,NA,2,NA,3,1,4,3,4,4,5,4,2,2,5,4,3,3,5,5,5,3,5,5,4,3,5,5,5,5,6,6,6,1,2,2,3,12,16,20,4,20,9,25,15,25,12,25,25,36,17.64285714
22,3,2,NA,6,"10,12",6,8,4,1,"3,4,7",NA,1,NA,1,NA,1,1,1,1,2,3,1,1,1,1,6,3,1,1,2,2,2,1,2,3,1,2,4,5,1,1,6,6,6,2,1,1,1,1,6,1,1,18,1,4,2,6,2,20,1,36,7.142857143
16,2,1,11,NA,10,6,8,5,1,"6,7",NA,5,NA,2,NA,6,5,6,6,2,2,5,4,4,3,3,3,2,1,4,5,5,5,5,4,4,4,4,4,2,2,4,4,6,2,5,2,30,36,4,20,12,9,2,20,25,20,16,16,4,16,16.42857143
25,2,2,NA,3,10,6,8,5,1,7,NA,3,NA,2,NA,2,1,1,1,3,1,2,1,2,1,3,2,1,1,3,2,6,3,4,3,3,2,3,2,4,2,5,4,6,2,3,4,2,1,3,2,2,6,1,6,18,12,6,6,8,20,6.642857143
21,2,2,NA,"1,6","10,11,12",6,8,4,1,"1,7",NA,2,NA,2,NA,2,2,3,3,3,3,3,3,3,3,5,5,3,3,2,2,5,5,6,6,5,5,5,5,5,5,6,6,6,2,2,1,4,9,9,9,9,25,9,4,25,36,25,25,25,36,17.85714286
17,2,1,12,NA,12,6,2,5,1,"4,9",NA,4,NA,2,NA,1,1,1,1,1,1,1,1,1,1,1,1,1,1,1,1,6,6,6,6,6,6,5,4,6,5,6,5,6,1,3,3,1,1,1,1,1,1,1,1,36,36,36,20,30,30,14
17,2,1,12,NA,10,6,8,5,2,3,NA,1,NA,1,NA,2,2,1,1,2,1,3,3,1,1,4,2,1,1,1,1,6,4,6,5,5,5,5,5,3,2,6,4,6,2,1,1,4,1,2,9,1,8,1,1,24,30,25,25,6,24,11.5
16,1,1,11,NA,17,6,8,5,2,"2,6,7",NA,6,I identify as female currently but for a time I identified as non-binary,2,NA,4,2,1,1,3,2,2,1,1,1,3,2,1,1,2,2,5,4,5,5,5,5,4,3,3,3,6,4,6,2,NA,2,8,1,6,2,1,6,1,4,20,25,25,12,9,24,10.28571429
21,2,2,NA,7,10,6,8,4,1,"6,7,9,10",NA,"3,5,6",Genderqueer,2,NA,3,3,2,2,5,3,3,3,2,2,6,5,3,3,4,3,6,6,6,6,6,5,4,4,5,4,6,5,6,2,3,2,9,4,15,9,4,30,9,12,36,36,30,16,20,30,18.57142857
16,3,1,10,NA,10,6,8,5,1,"4,9",NA,5,NA,2,NA,5,4,2,2,6,4,5,3,2,2,5,5,2,2,2,2,6,6,6,6,6,6,6,6,6,6,6,6,6,2,5,3,20,4,24,15,4,25,4,4,36,36,36,36,36,36,22.57142857
16,2,1,10,1,11,6,5,5,2,"2,6",NA,2,NA,2,NA,6,1,6,1,1,1,1,1,2,1,6,1,1,1,6,1,6,6,6,6,6,6,6,6,5,4,5,5,6,1,2,2,6,6,1,1,2,6,1,6,36,36,36,36,20,25,15.57142857
21,1,2,NA,"1,6","6,10","2,6",8,5,2,7,NA,6,Agender,2,NA,2,2,2,2,2,2,5,3,2,2,5,3,3,2,2,1,6,3,6,3,6,2,6,4,5,4,6,6,9,2,3,4,4,4,4,15,4,15,6,2,18,18,12,24,20,36,13
25,1,2,NA,"2,6","7,12",6,8,5,3,"6,7,10",NA,"3,5",NA,2,NA,1,1,1,1,2,2,1,1,1,1,3,2,1,1,4,3,4,4,5,5,4,3,3,3,2,2,4,3,6,2,3,2,1,1,4,1,1,6,1,12,16,25,12,9,4,12,7.5
20,2,2,NA,"1,6",10,6,8,5,2,6,NA,2,NA,2,NA,4,2,2,2,2,1,3,3,2,2,2,2,1,1,2,1,3,2,4,3,3,2,4,3,3,3,5,4,6,2,2,2,8,4,2,9,4,4,1,2,6,12,6,12,9,20,7.071428571
25,2,2,NA,2,"10,12",6,8,5,1,3,NA,1,NA,1,NA,4,2,2,2,4,3,2,2,1,1,6,5,2,2,5,3,6,6,5,4,3,3,5,5,3,3,6,6,6,2,1,1,8,4,12,4,1,30,4,15,36,20,9,25,9,36,15.21428571
16,1,1,10,NA,10,6,8,5,2,3,NA,1,NA,1,NA,5,4,4,2,2,1,4,4,2,3,6,5,5,2,2,3,6,4,6,3,5,4,5,6,4,5,6,6,6,2,1,1,20,8,2,16,6,30,10,6,24,18,20,30,20,36,17.57142857
19,2,2,NA,1,10,6,8,5,2,"1,3",NA,2,NA,2,NA,1,2,1,1,3,3,3,3,1,1,5,4,1,1,3,3,6,5,4,3,4,3,6,6,4,3,4,4,6,2,2,1,2,1,9,9,1,20,1,9,30,12,12,36,12,16,12.14285714
18,1,2,NA,1,10,6,8,5,1,7,NA,"1,3,5",NA,2,NA,4,2,2,2,1,1,5,4,1,1,4,4,1,2,4,3,6,4,6,6,6,5,5,5,2,1,5,6,6,2,5,4,8,4,1,20,1,16,2,12,24,36,30,25,2,30,15.07142857
22,2,2,NA,6,16,6,6,5,2,"6,11",Transgender Bisexual,2,NA,1,NA,3,3,5,2,6,3,3,4,1,2,3,4,2,3,6,5,5,1,5,5,3,2,2,3,5,5,4,4,6,1,4,2,9,10,18,12,2,12,6,30,5,25,6,6,25,16,13
17,2,1,12,NA,"10,11",6,8,5,2,"7,9",NA,2,NA,2,NA,3,2,2,2,2,2,4,3,2,2,1,1,2,2,1,1,6,4,6,6,6,5,5,5,5,5,5,5,6,2,2,3,6,4,4,12,4,1,4,1,24,36,30,25,25,25,14.35714286
17,2,1,12,NA,10,6,8,4,1,"7,9",NA,6,Agender.,2,NA,2,1,1,1,1,1,1,1,1,1,1,1,1,1,1,1,5,3,6,5,3,2,4,4,2,1,3,3,6,2,3,3,2,1,1,1,1,1,1,1,15,30,6,16,2,9,6.214285714
17,2,1,11,NA,"10,12",6,8,5,2,"6,10",NA,4,NA,1,NA,1,2,1,1,1,2,1,1,1,1,1,2,1,1,1,3,3,2,3,2,2,1,3,3,2,2,1,2,6,2,3,2,2,1,2,1,1,2,1,3,6,6,2,9,4,2,3
18,2,2,NA,1,"10,12",6,8,5,2,"1,2,7",NA,2,NA,2,NA,4,2,5,1,2,2,4,3,4,2,4,4,4,3,6,5,6,6,6,6,6,6,4,4,5,4,6,6,6,2,2,1,8,5,4,12,8,16,12,30,36,36,36,16,20,36,19.64285714
16,1,1,10,NA,12,7,6,4,1,"2,6",NA,2,NA,2,NA,2,1,1,1,1,1,1,1,1,1,1,1,1,1,1,1,6,6,6,6,6,6,2,2,1,1,4,4,7,1,2,2,2,1,1,1,1,1,1,1,36,36,36,4,1,16,9.857142857
16,3,1,11,NA,10,6,8,5,2,"8,10",NA,7,NA,2,NA,1,2,1,1,3,2,2,3,1,1,1,2,1,1,1,3,5,4,3,3,4,4,5,4,2,1,2,2,6,2,NA,2,2,1,6,6,1,2,1,3,20,9,16,20,2,4,6.642857143
16,2,1,11,NA,10,6,8,6,1,"1,7",NA,2,NA,2,NA,4,2,5,4,5,5,6,6,1,1,6,6,2,1,4,4,6,5,4,4,6,6,6,6,6,6,6,6,6,2,2,1,8,20,25,36,1,36,2,16,30,16,36,36,36,36,23.85714286
21,1,2,NA,"1,6","7,11","6,7",6,4,1,"6,7",NA,2,NA,2,NA,1,1,1,1,1,1,1,2,1,1,1,1,1,1,1,1,6,4,6,5,4,4,5,4,3,2,4,4,9,1,2,2,1,1,1,2,1,1,1,1,24,30,16,20,6,16,8.642857143
16,2,1,11,NA,"10,11",6,6,4,1,"9,11",biromantic,4,NA,2,NA,1,1,2,2,1,1,1,3,1,1,1,1,1,1,1,1,1,1,1,3,1,3,2,4,3,5,3,6,6,1,3,3,1,4,1,3,1,1,1,1,1,3,3,8,15,18,4.357142857
17,2,1,12,NA,10,6,8,5,2,6,NA,2,NA,2,NA,1,1,1,1,1,1,2,2,1,1,1,1,1,1,2,2,4,4,5,5,3,3,5,5,5,5,4,5,6,2,2,2,1,1,1,4,1,1,1,4,16,25,9,25,25,20,9.571428571
16,2,1,11,NA,"11,14",6,5,4,1,"2,7",NA,6,Genderqueer,2,NA,4,3,4,2,2,2,4,3,4,3,4,4,2,2,2,2,6,5,6,5,6,4,5,4,4,4,6,6,6,1,3,1,12,8,4,12,12,16,4,4,30,30,24,20,16,36,16.28571429
17,1,1,12,NA,10,6,8,4,1,"6,7",NA,6,Demiboy,1,NA,1,1,2,1,1,1,1,1,1,1,4,2,3,1,2,2,6,3,6,6,6,3,6,4,6,3,6,6,6,2,NA,2,1,2,1,1,1,8,3,4,18,36,18,24,18,36,12.21428571
16,3,1,11,NA,10,6,2,5,3,"8,10",NA,2,NA,2,NA,1,1,1,1,1,2,1,2,1,1,2,2,1,1,2,2,4,5,4,4,5,5,3,4,2,2,6,5,6,1,2,2,1,1,2,2,1,4,1,4,20,16,25,12,4,30,8.785714286
23,2,2,NA,"3,4",10,6,8,4,1,"6,10",NA,2,NA,2,NA,2,4,1,2,5,3,2,3,1,2,1,1,2,2,1,2,3,3,2,6,2,3,2,6,1,2,3,2,6,2,2,2,8,2,15,6,2,1,4,2,9,12,6,12,2,6,6.214285714
24,2,2,NA,3,"10,12",6,8,4,1,7,NA,"1,5",NA,2,NA,1,1,1,1,1,1,1,1,1,1,2,2,1,1,1,1,4,4,4,4,3,2,2,2,1,2,1,2,6,2,5,4,1,1,1,1,1,4,1,1,16,16,6,4,2,2,4.071428571
22,1,2,NA,"1,6",10,6,2,5,1,9,NA,"3,5,6",Agender,2,NA,1,1,1,1,1,1,1,1,1,1,1,1,1,1,1,1,1,1,4,2,1,1,3,2,1,1,1,1,6,1,3,3,1,1,1,1,1,1,1,1,1,8,1,6,1,1,1.857142857
17,1,1,12,NA,12,6,8,4,1,1,NA,2,NA,2,NA,1,3,1,1,1,2,1,2,1,2,4,5,1,1,1,1,1,1,5,6,1,1,4,5,1,2,2,6,6,2,2,1,3,1,2,2,2,20,1,1,1,30,1,20,2,12,7
23,1,2,NA,3,10,6,2,5,2,6,NA,5,NA,1,NA,4,5,4,4,4,5,3,4,3,4,3,3,4,6,2,2,5,3,4,5,4,6,3,3,3,4,4,6,6,1,4,2,20,16,20,12,12,9,24,4,15,20,24,9,12,24,15.78571429
17,2,1,12,NA,10,6,8,6,1,"2,7",NA,3,NA,2,NA,2,1,2,1,1,1,1,1,4,3,3,2,1,1,2,1,5,2,5,3,3,2,2,1,4,4,5,4,6,2,3,1,2,2,1,1,12,6,1,2,10,15,6,2,16,20,6.857142857
17,2,2,NA,7,12,6,8,4,1,1,NA,2,NA,2,NA,3,3,2,2,5,5,3,3,2,2,5,5,2,2,4,4,6,5,6,6,6,5,6,6,6,5,6,6,6,2,2,1,9,4,25,9,4,25,4,16,30,36,30,36,30,36,21
17,2,1,12,NA,"10,16","3,6",8,5,1,"2,6",NA,1,NA,1,NA,1,1,1,1,1,1,2,1,1,1,1,1,1,1,1,1,3,2,1,1,1,1,4,1,1,1,2,2,9,2,1,2,1,1,1,2,1,1,1,1,6,1,1,4,1,4,1.857142857
22,1,2,NA,6,10,6,8,5,2,3,NA,1,NA,1,NA,1,1,1,1,4,4,1,1,1,1,4,4,1,1,4,3,6,6,6,5,4,4,5,5,5,4,6,5,6,2,1,1,1,1,16,1,1,16,1,12,36,30,16,25,20,30,14.71428571
18,2,1,12,NA,"10,12",6,8,5,2,"7,9",NA,2,NA,2,NA,2,1,1,1,1,1,3,3,1,1,1,1,1,1,2,2,5,5,6,5,5,5,4,4,3,3,5,5,6,2,2,3,2,1,1,9,1,1,1,4,25,30,25,16,9,25,10.71428571
17,2,1,12,NA,"12,16",6,6,5,1,"1,7",NA,"2,6",Genderqueer,2,NA,5,3,6,4,6,5,5,3,5,3,3,3,4,3,3,2,5,5,5,3,5,3,5,4,3,2,6,5,6,1,3,1,15,24,30,15,15,9,12,6,25,15,15,20,6,30,16.92857143
18,2,2,NA,"1,6",14,2,5,4,3,6,NA,6,Agender femme? but I don't care for the female/woman label,2,NA,1,1,2,2,1,1,1,1,3,3,2,2,2,2,1,3,5,5,4,3,5,3,2,4,1,3,2,2,2,1,3,2,1,4,1,1,9,4,4,3,25,12,15,8,3,4,6.714285714
17,2,1,12,NA,6,2,8,5,2,"1,2,7,8",NA,"2,3",NA,2,NA,5,3,5,4,3,3,5,4,4,3,5,4,4,4,5,3,4,5,4,4,4,4,3,3,1,1,3,4,2,2,3,1,15,20,9,20,12,20,16,15,20,16,16,9,1,12,14.35714286
16,3,1,10,NA,10,6,8,5,1,"2,7,9",NA,"3,5,6",Demiboy,2,NA,2,4,1,2,1,1,2,2,1,3,4,2,1,1,1,1,6,6,6,6,6,6,3,3,4,2,4,5,6,2,5,3,8,2,1,4,3,8,1,1,36,36,36,9,8,20,12.35714286
17,3,3,NA,NA,10,6,8,4,1,"1,8,9",NA,"2,4,6",Girlflux / Demigirl / Questioning,2,NA,2,1,1,1,1,1,3,2,2,1,2,1,1,1,3,2,4,2,2,2,2,2,4,5,5,4,3,5,6,2,3,3,2,1,1,6,2,2,1,6,8,4,4,20,20,15,6.571428571
24,2,2,NA,3,8,2,8,4,3,"6,7,10,11",Demisexual,"3,4,5",NA,2,NA,1,1,1,1,4,3,2,3,1,1,1,1,1,1,2,1,6,5,6,6,4,5,1,1,1,2,1,1,2,2,3,2,1,1,12,6,1,1,1,2,30,36,20,1,2,1,8.214285714
22,1,2,NA,6,6,2,8,5,2,1,NA,2,NA,1,NA,1,1,3,2,2,2,3,3,1,2,2,2,1,1,2,2,4,4,5,4,5,4,3,3,2,2,1,1,2,2,4,1,1,6,4,9,2,4,1,4,16,20,20,9,4,1,7.214285714
16,1,1,11,NA,10,6,8,5,2,6,NA,"2,5",NA,1,NA,3,1,2,1,1,1,4,2,1,1,2,3,2,1,1,3,1,1,1,1,1,1,1,1,1,1,1,2,6,2,4,2,3,2,1,8,1,6,2,3,1,1,1,1,1,2,2.357142857
17,2,1,12,NA,10,6,8,5,1,"6,7",NA,"3,5",NA,2,NA,2,1,2,1,2,2,2,2,1,1,3,3,2,1,3,3,6,2,6,3,4,2,2,1,3,3,4,3,6,2,3,2,2,2,4,4,1,9,2,9,12,18,8,2,9,12,6.714285714
20,1,2,NA,1,10,6,8,4,1,"6,7",NA,2,NA,2,NA,4,2,4,2,4,3,4,3,2,1,5,4,4,3,5,3,6,3,6,6,5,3,6,6,4,2,3,5,6,2,2,2,8,8,12,12,2,20,12,15,18,36,15,36,8,15,15.5
18,2,2,NA,"1,6","10,12",6,8,5,1,"9,10",NA,1,NA,2,NA,1,1,1,2,1,2,1,1,1,1,1,3,1,1,1,3,4,4,3,3,1,2,1,1,1,2,1,2,6,2,5,2,1,2,2,1,1,3,1,3,16,9,2,1,2,2,3.285714286
23,1,2,NA,1,"10,11,12,14,16",6,8,5,1,1,NA,"2,5",NA,1,NA,1,1,1,1,1,1,1,1,1,1,1,1,1,1,1,1,6,1,6,3,1,1,2,2,1,2,2,2,6,2,4,1,1,1,1,1,1,1,1,1,6,18,1,4,2,4,3.071428571
22,1,2,NA,6,10,6,8,6,1,6,NA,"1,5",NA,2,NA,2,2,1,2,2,2,3,3,1,1,3,4,1,1,2,3,3,3,4,3,3,3,3,3,3,3,4,4,6,2,5,2,4,2,4,9,1,12,1,6,9,12,9,9,9,16,7.357142857
16,1,1,11,NA,"10,12",6,2,6,2,"3,4,7",NA,"1,3,5",NA,1,NA,1,2,2,2,3,2,2,4,2,2,4,3,3,2,3,4,5,4,4,4,4,4,3,3,1,1,4,4,6,1,3,1,2,4,6,8,4,12,6,12,20,16,16,9,1,16,9.428571429
16,3,1,11,NA,8,2,2,5,1,"1,7",NA,2,NA,2,NA,2,2,1,1,1,2,3,2,1,1,2,2,1,1,1,2,5,3,5,3,4,3,4,3,3,2,5,4,2,1,2,1,4,1,2,6,1,4,1,2,15,15,12,12,6,20,7.214285714
24,2,2,NA,"1,6",10,6,8,4,1,"6,7",NA,3,NA,2,NA,1,1,1,2,1,2,1,2,1,2,2,3,1,2,2,4,5,6,5,6,6,6,5,5,2,2,3,3,6,2,3,2,1,2,2,2,2,6,2,8,30,30,36,25,4,9,11.35714286
17,2,1,12,NA,10,6,8,5,2,1,NA,2,NA,2,NA,6,2,4,2,6,3,5,2,4,2,6,3,4,3,6,3,6,6,6,6,6,5,6,6,4,2,6,5,6,2,2,1,12,8,18,10,8,18,12,18,36,36,30,36,8,30,20
17,2,1,12,NA,10,6,8,4,1,"2,8,9,11",Aromantic. Asexual. Agender. Pan-Autoerotic. I mainly identify as Aromantic as itâ€™s lesser known and Iâ€™m pretty apathetic about whatever else I donâ€™t feel.,"3,6",None/Agender.,1,NA,3,3,1,2,1,1,4,3,2,2,1,1,1,2,1,1,6,1,6,2,6,2,1,1,NA,NA,NA,NA,6,2,3,3,9,2,1,12,4,1,2,1,6,12,12,1,NA,NA,NA
17,1,1,12,5,10,6,8,5,1,"10,11",Demisexual,"3,5,6",(Trans-masculine),2,NA,1,1,1,1,1,1,3,3,1,1,1,1,2,1,2,1,4,2,3,2,3,2,2,1,2,1,2,3,6,2,5,2,1,1,1,9,1,1,2,2,8,6,6,2,2,6,3.428571429
17,2,1,12,NA,"10,12",6,2,5,2,3,NA,7,NA,1,NA,2,5,5,2,5,4,3,3,2,2,4,4,4,3,5,4,6,5,5,5,5,4,4,5,4,4,4,4,6,1,NA,1,10,10,20,9,4,16,12,20,30,25,20,20,16,16,16.28571429
26,2,2,NA,3,10,6,2,5,2,"1,7",NA,2,NA,2,NA,2,2,2,2,3,2,3,2,2,2,2,2,2,2,4,3,6,5,5,5,6,5,6,6,3,3,3,2,6,1,2,1,4,4,6,6,4,4,4,12,30,25,30,36,9,6,12.85714286
25,2,2,NA,2,2,3,8,5,3,7,NA,7,NA,2,NA,1,1,1,1,2,2,1,1,1,1,1,1,1,1,1,1,5,5,6,5,4,4,6,6,4,3,4,4,3,2,NA,4,1,1,4,1,1,1,1,1,25,30,16,36,12,16,10.42857143
17,2,1,12,NA,10,6,8,5,1,1,NA,4,NA,2,NA,1,1,3,2,1,2,3,2,3,2,1,1,1,1,2,2,5,2,5,2,4,2,4,3,1,2,4,4,6,2,3,1,1,6,2,6,6,1,1,4,10,10,8,12,2,16,6.071428571
21,2,2,NA,1,10,6,8,6,1,"6,7,9",NA,"1,3,5",NA,2,NA,2,1,3,1,3,2,3,1,1,2,4,3,1,1,4,3,4,2,4,3,3,2,4,3,2,1,5,4,6,2,5,2,2,3,6,3,2,12,1,12,8,12,6,12,2,20,7.214285714
17,1,1,11,NA,"10,16",6,8,4,1,"2,6",NA,6,Unsure,1,NA,1,1,2,1,6,3,1,1,1,1,1,1,1,1,1,1,6,6,6,6,6,6,4,2,3,2,1,2,6,2,3,2,1,2,18,1,1,1,1,1,36,36,36,8,6,2,10.71428571
24,1,2,NA,3,6,2,8,5,1,"2,3,6,7,10",NA,"2,3,4",NA,2,NA,1,2,2,2,1,1,2,2,1,1,2,3,1,1,1,1,2,6,2,6,1,6,2,5,2,4,1,4,2,2,3,2,2,4,1,4,1,6,1,1,12,12,6,10,8,4,5.142857143
23,1,2,NA,1,"11,12",6,8,5,3,1,NA,2,NA,2,NA,1,1,2,1,4,4,1,1,1,2,1,1,1,1,1,1,6,6,4,3,6,6,5,5,3,2,4,6,6,2,2,1,1,2,16,1,2,1,1,1,36,12,36,25,6,24,11.71428571
16,2,1,10,NA,"10,12",6,8,5,1,"1,2,9",NA,"2,3,5",NA,2,NA,4,3,3,3,3,3,5,4,2,1,4,3,4,3,3,4,5,2,5,3,4,4,4,4,4,4,5,5,6,2,3,3,12,9,9,20,2,12,12,12,10,15,16,16,16,25,13.28571429
17,1,1,12,NA,10,6,6,5,1,10,NA,"5,6",Transmasc (he/they),2,NA,5,2,4,3,3,1,5,5,3,2,4,3,3,2,2,1,6,5,5,5,5,5,2,2,6,5,6,6,6,1,5,2,10,12,3,25,6,12,6,2,30,25,25,4,30,36,16.14285714
17,1,1,12,NA,"10,12",6,8,5,1,"6,11",Demisexual,3,NA,2,NA,1,1,2,1,1,1,3,2,3,2,2,1,2,1,2,1,1,1,4,3,1,1,6,4,4,2,6,4,6,2,3,2,1,2,1,6,6,2,2,2,1,12,1,24,8,24,6.571428571
17,1,1,12,NA,"10,12",6,7,4,1,"7,9",NA,6,Agender,2,NA,1,1,1,1,1,2,1,1,1,1,4,3,1,1,1,4,6,4,4,5,6,5,2,2,1,2,2,4,6,3,3,3,1,1,2,1,1,12,1,4,24,20,30,4,2,8,7.928571429
22,1,2,NA,1,10,6,8,5,1,7,NA,2,NA,2,NA,1,1,1,1,1,1,1,1,1,1,1,1,1,1,1,1,3,3,5,4,2,2,1,1,4,1,1,1,6,2,2,4,1,1,1,1,1,1,1,1,9,20,4,1,4,1,3.357142857
19,1,2,NA,1,8,7,8,5,2,1,NA,4,NA,2,NA,1,1,1,1,4,4,1,2,1,1,3,4,1,1,2,3,6,5,4,3,3,4,2,2,3,4,4,5,7,2,3,1,1,1,16,2,1,12,1,6,30,12,12,4,12,20,9.285714286
20,2,2,NA,"1,6","10,12",6,8,5,1,"2,7,8",NA,"1,3,5",NA,2,NA,1,1,1,1,1,2,1,1,1,1,3,3,1,1,2,1,6,4,NA,NA,5,4,4,5,4,3,4,4,6,2,5,1,1,1,2,1,1,9,1,2,24,NA,20,20,12,16,NA
17,2,1,11,NA,10,6,8,4,1,"3,4,7,8,9,11",omni,"5,6","genderqueer, transmasculine",2,NA,2,1,1,2,1,1,1,2,1,1,3,2,1,1,3,4,6,5,6,6,6,5,6,4,5,3,5,3,6,2,3,3,2,2,1,2,1,6,1,12,30,36,30,24,15,15,12.64285714
16,2,1,11,NA,17,6,8,4,1,6,NA,2,NA,2,NA,3,1,2,1,2,1,3,1,2,1,4,1,3,1,4,1,1,1,2,1,2,1,2,1,2,1,1,1,6,2,2,2,3,2,2,3,2,4,3,4,1,2,2,2,2,1,2.357142857
19,3,2,NA,7,"10,12",6,8,4,1,"3,4,6,7,11","Achillean, Omnisexual and Bisexual","1,5",NA,2,NA,6,2,3,2,4,2,5,2,2,1,4,3,3,2,3,2,6,6,6,6,3,4,6,6,4,2,6,3,6,2,5,2,12,6,8,10,2,12,6,6,36,36,12,36,8,18,14.85714286
17,2,1,12,NA,"6,10,12","2,6",8,5,1,"2,7,8",NA,2,NA,2,NA,2,1,2,1,2,3,3,3,1,1,4,3,1,1,5,4,5,6,5,6,5,6,6,5,4,4,2,5,9,2,2,1,2,2,6,9,1,12,1,20,30,30,30,30,16,10,14.21428571
23,2,2,NA,2,10,6,2,4,1,"6,7",NA,2,NA,2,NA,2,2,4,4,5,5,5,5,6,6,5,5,3,3,5,5,6,6,6,6,5,5,6,6,5,5,6,6,6,1,2,2,4,16,25,25,36,25,9,25,36,36,25,36,25,36,25.64285714
16,1,1,10,NA,10,6,8,5,2,"2,3",NA,2,NA,2,NA,4,3,4,2,2,2,4,2,3,3,4,4,2,2,5,3,5,3,6,3,6,5,5,4,4,4,6,5,6,2,2,1,12,8,4,8,9,16,4,15,15,18,30,20,16,30,14.64285714
16,1,1,11,NA,16,6,4,6,1,1,NA,2,NA,2,NA,2,1,1,1,2,2,1,2,1,1,3,3,1,1,5,5,5,5,3,3,4,4,4,4,2,2,5,5,6,1,2,1,2,1,4,2,1,9,1,25,25,9,16,16,4,25,10
22,2,2,NA,"1,6",10,6,2,5,1,1,NA,2,NA,2,NA,1,1,1,1,2,1,1,1,1,1,1,1,1,1,2,2,4,3,4,3,3,2,5,4,4,3,5,5,6,1,2,1,1,1,2,1,1,1,1,4,12,12,6,20,12,25,7.071428571
24,3,2,NA,1,10,6,8,4,1,"1,2,11",Queer,"3,5,6",Agender,2,NA,3,4,3,4,6,6,3,5,3,4,5,5,3,4,3,5,3,6,3,6,3,6,4,5,2,4,2,5,6,2,3,1,12,12,36,15,12,25,12,15,18,18,18,20,8,10,16.5
26,2,2,NA,"3,6",10,6,8,5,1,1,NA,2,NA,2,NA,2,1,2,1,1,1,4,3,1,1,1,1,1,1,3,1,6,5,6,3,5,3,5,4,5,4,6,6,6,2,2,1,2,2,1,12,1,1,1,3,30,18,15,20,20,36,11.57142857
22,1,2,NA,2,10,6,2,5,2,"4,9",NA,2,NA,2,NA,1,1,1,1,1,1,1,1,1,1,1,1,1,1,1,1,2,2,2,1,1,1,1,1,1,1,1,1,6,1,2,3,1,1,1,1,1,1,1,1,4,2,1,1,1,1,1.285714286
16,2,1,11,NA,"10,16",6,2,5,2,"4,6,11",Biromantic-heterosexual,2,NA,2,NA,1,1,1,1,1,1,1,1,1,1,1,1,1,1,1,1,3,2,2,1,3,3,1,1,3,3,4,4,6,1,2,2,1,1,1,1,1,1,1,1,6,2,9,1,9,16,3.642857143
17,3,1,11,NA,10,6,8,4,1,1,NA,"2,3",NA,2,NA,6,3,6,4,5,2,6,5,6,3,5,3,5,3,4,2,6,3,6,5,6,4,6,6,6,4,6,4,6,2,3,1,18,24,10,30,18,15,15,8,18,30,24,36,24,24,21
20,2,2,NA,1,"10,12",6,8,5,2,1,NA,2,NA,2,NA,3,2,3,2,2,2,2,2,3,2,2,2,2,1,1,1,5,4,6,6,5,5,6,6,5,5,6,6,6,2,2,1,6,6,4,4,6,4,2,1,20,36,25,36,25,36,15.07142857
19,1,2,NA,1,10,6,2,6,1,6,NA,2,NA,2,NA,1,1,1,1,1,1,1,1,1,1,1,1,1,1,1,1,5,5,4,4,3,3,1,1,3,3,4,4,6,1,2,2,1,1,1,1,1,1,1,1,25,16,9,1,9,16,6
17,2,1,12,NA,10,6,8,5,2,"2,6",NA,5,NA,2,NA,3,4,5,5,4,4,4,3,1,2,5,5,2,1,5,5,6,4,5,5,4,4,3,3,3,4,5,4,6,2,5,2,12,25,16,12,2,25,2,25,24,25,16,9,12,20,16.07142857
22,2,2,NA,"1,6","5,12",6,8,5,1,"1,2,3,7",NA,2,NA,2,NA,1,1,1,1,1,2,3,2,1,1,3,2,1,1,1,1,2,2,3,3,3,2,2,2,3,3,4,4,6,2,2,1,1,1,2,6,1,6,1,1,4,9,6,4,9,16,4.785714286
20,2,2,NA,"1,6",12,6,8,5,2,"6,7,9",NA,2,NA,2,NA,3,3,2,2,1,1,2,2,1,1,1,1,1,1,1,1,6,6,5,5,3,3,5,5,3,3,6,6,6,2,2,2,9,4,1,4,1,1,1,1,36,25,9,25,9,36,11.57142857
18,2,2,NA,6,12,NA,8,5,2,1,NA,2,NA,2,NA,4,1,3,1,2,1,4,2,1,1,1,1,1,1,2,2,4,2,4,3,2,4,6,4,3,2,5,5,NA,2,2,1,4,3,2,8,1,1,1,4,8,12,8,24,6,25,7.642857143
20,2,2,NA,1,"7,16","4,6",8,5,1,1,NA,2,NA,2,NA,1,3,2,2,1,1,1,3,1,1,1,4,1,1,1,3,4,5,3,4,4,6,4,6,2,3,1,6,9,2,2,1,3,4,1,3,1,4,1,3,20,12,24,24,6,6,8
20,1,2,NA,4,10,6,8,4,1,"6,10",NA,1,NA,2,NA,3,2,2,3,4,2,4,3,3,2,4,3,4,3,4,4,4,4,5,4,5,4,5,4,5,4,6,5,6,2,5,2,6,6,8,12,6,12,12,16,16,20,20,20,20,30,14.57142857
23,1,2,NA,1,10,6,8,5,2,4,NA,"1,5",NA,2,NA,1,1,1,1,1,1,1,1,1,1,1,2,1,1,1,1,3,1,3,2,3,2,1,1,1,1,2,2,6,2,5,1,1,1,1,1,1,2,1,1,3,6,6,1,1,4,2.142857143
16,1,1,11,NA,10,6,8,5,2,6,NA,2,NA,2,NA,1,1,1,1,1,1,1,1,1,1,4,4,1,1,1,1,6,5,6,5,4,3,2,2,2,2,4,4,6,2,2,2,1,1,1,1,1,16,1,1,30,30,12,4,4,16,8.5
16,2,1,11,NA,6,2,8,5,2,"6,7,8",NA,2,NA,2,NA,1,1,1,1,1,1,1,3,1,1,1,2,1,1,1,1,5,6,3,4,3,4,2,5,2,3,2,3,2,2,2,2,1,1,1,3,1,2,1,1,30,12,12,10,6,6,6.214285714
24,2,2,NA,6,"9,10","1,6",8,5,1,"6,10",NA,2,NA,2,NA,4,2,4,3,2,2,3,2,2,1,1,2,2,2,3,2,6,4,6,5,4,4,5,4,6,4,6,5,9,2,2,2,8,12,4,6,2,2,4,6,24,30,16,20,24,30,13.42857143
24,2,2,NA,2,"2,16",7,8,5,2,"6,7,10",NA,"1,3",NA,1,NA,3,2,1,1,5,3,2,2,1,1,5,4,2,1,5,3,6,5,6,4,2,1,4,2,6,4,6,5,7,2,3,2,6,1,15,4,1,20,2,15,30,24,2,8,24,30,13
21,1,2,NA,"1,6","10,12",6,2,4,2,"4,6",NA,"1,3,5",NA,2,NA,5,4,2,1,5,5,4,3,5,5,4,3,4,3,6,5,6,6,6,6,6,6,6,6,1,1,4,5,6,1,5,2,20,2,25,12,25,12,12,30,36,36,36,36,1,20,21.64285714
25,2,2,NA,3,12,6,8,4,1,"6,7,10",NA,"2,3",NA,2,NA,1,1,1,1,1,1,1,1,1,1,1,1,1,1,1,1,2,2,4,3,2,2,5,4,5,4,6,6,6,2,3,2,1,1,1,1,1,1,1,1,4,12,4,20,20,36,7.428571429
19,1,2,NA,1,10,6,8,4,1,"7,9",NA,"3,5",NA,2,NA,1,2,2,2,4,3,3,2,2,2,2,2,3,2,4,2,4,2,5,3,3,2,3,3,4,3,5,3,6,2,3,3,2,4,12,6,4,4,6,8,8,15,6,9,12,15,7.928571429
17,2,1,12,NA,"10,12",6,8,5,1,"6,7",NA,"2,3,6",Demigirl,2,NA,2,2,2,2,2,2,2,2,2,2,5,5,2,2,2,2,3,2,4,2,2,3,4,4,3,3,4,4,6,2,NA,2,4,4,4,4,4,25,4,4,6,8,6,16,9,16,8.142857143
16,2,1,11,NA,10,6,8,5,3,"3,11",Asexual Spectrum (Not fully Ace),1,NA,1,NA,4,2,2,1,4,3,3,2,2,2,3,1,4,3,2,2,6,4,4,3,6,4,5,4,3,2,4,3,6,2,1,1,8,2,12,6,4,3,12,4,24,12,24,20,6,12,10.64285714
